-- phpMyAdmin SQL Dump
-- version 4.8.3
-- https://www.phpmyadmin.net/
--
-- Hôte : 127.0.0.1:3306
-- Généré le :  mar. 07 mai 2019 à 17:15
-- Version du serveur :  5.7.23
-- Version de PHP :  7.2.10

SET SQL_MODE = "NO_AUTO_VALUE_ON_ZERO";
SET AUTOCOMMIT = 0;
START TRANSACTION;
SET time_zone = "+00:00";


/*!40101 SET @OLD_CHARACTER_SET_CLIENT=@@CHARACTER_SET_CLIENT */;
/*!40101 SET @OLD_CHARACTER_SET_RESULTS=@@CHARACTER_SET_RESULTS */;
/*!40101 SET @OLD_COLLATION_CONNECTION=@@COLLATION_CONNECTION */;
/*!40101 SET NAMES utf8mb4 */;

--
-- Base de données :  `project_5_v2`
--

-- --------------------------------------------------------

--
-- Structure de la table `category`
--

DROP TABLE IF EXISTS `category`;
CREATE TABLE IF NOT EXISTS `category` (
  `id` int(11) NOT NULL AUTO_INCREMENT,
  `title` varchar(255) COLLATE utf8mb4_unicode_ci NOT NULL,
  PRIMARY KEY (`id`)
) ENGINE=InnoDB AUTO_INCREMENT=32 DEFAULT CHARSET=utf8mb4 COLLATE=utf8mb4_unicode_ci;

--
-- Déchargement des données de la table `category`
--

INSERT INTO `category` (`id`, `title`) VALUES
(27, 'Programmation'),
(28, 'Symfony'),
(29, 'JavaScript'),
(30, 'PHP'),
(31, 'HTML');

-- --------------------------------------------------------

--
-- Structure de la table `comment`
--

DROP TABLE IF EXISTS `comment`;
CREATE TABLE IF NOT EXISTS `comment` (
  `id` int(11) NOT NULL AUTO_INCREMENT,
  `question_id` int(11) NOT NULL,
  `user_id` int(11) DEFAULT NULL,
  `date` datetime NOT NULL,
  `content` longtext COLLATE utf8mb4_unicode_ci NOT NULL,
  PRIMARY KEY (`id`),
  KEY `IDX_9474526C1E27F6BF` (`question_id`),
  KEY `IDX_9474526CA76ED395` (`user_id`)
) ENGINE=InnoDB AUTO_INCREMENT=1196 DEFAULT CHARSET=utf8mb4 COLLATE=utf8mb4_unicode_ci;

--
-- Déchargement des données de la table `comment`
--

INSERT INTO `comment` (`id`, `question_id`, `user_id`, `date`, `content`) VALUES
(983, 149, 90, '2019-05-06 09:14:25', '<p>Est cum voluptates pariatur quaerat rerum hic autem reiciendis. Aliquid ut pariatur sint. Velit libero deserunt blanditiis ut. Et autem consequatur doloribus dolor dignissimos ut quos. Est beatae non et voluptatem vero.</p><p>Dolore et hic ipsam qui rerum minima est et. Sit quo necessitatibus harum omnis blanditiis. Neque nisi sit totam dolores cumque explicabo hic. Mollitia perspiciatis adipisci enim modi quidem.</p>'),
(984, 149, 93, '2019-05-06 21:25:47', '<p>Delectus minus sed ab dolorem. Voluptatem esse et et accusamus quia sit rerum. Non similique dolores voluptatibus quis. Eos omnis necessitatibus hic in molestiae necessitatibus ipsa.</p><p>Consequatur voluptas delectus deleniti velit. Repellendus voluptatibus voluptas sit aut aut enim. Veniam consectetur et velit aut. Architecto cumque molestias deserunt voluptatem voluptas.</p>'),
(985, 149, 103, '2019-05-06 08:11:05', '<p>Expedita repellendus ut quia aliquid deleniti ut aliquam. Enim cumque deserunt maiores dolorem beatae. Cumque nisi non ut sequi ab quas.</p><p>Eligendi ut odio nihil omnis. Molestiae nesciunt corrupti dolores eum et. Suscipit aliquid aut doloremque fugiat quidem exercitationem. Asperiores enim asperiores rerum vel in.</p>'),
(986, 149, 101, '2019-05-06 13:59:59', '<p>Voluptatibus possimus aliquam et quia sint sunt necessitatibus. Eos sequi dicta dolorem excepturi consectetur facere. Placeat voluptates dolor qui voluptate rerum. Fuga est quo libero id.</p><p>Amet optio qui amet assumenda aut. Voluptas voluptatibus in hic ab adipisci facilis. Consequatur eum officiis praesentium non. Exercitationem nemo ut ut commodi accusamus.</p>'),
(987, 149, 89, '2019-05-06 08:20:07', '<p>Possimus id praesentium consequatur magnam totam nostrum animi ipsa. Perspiciatis nulla et quam dolor. Nulla repellat et facere et rerum quis. Eaque esse libero adipisci sit fuga.</p><p>Molestiae enim fuga voluptatibus aut rerum eum. Eos ut totam officia voluptatem officia qui. Occaecati itaque consequatur consequuntur magni. Similique consequatur nihil aut sunt qui.</p>'),
(988, 149, 94, '2019-05-06 06:11:06', '<p>Ut quam iusto sint modi blanditiis temporibus et. Omnis omnis id ea. Et eum quibusdam nam enim ratione. Quis sint amet sed quis molestiae.</p><p>Ab sapiente consequatur officia facilis. Enim ab error et voluptas et pariatur. Saepe impedit qui ea deserunt sunt qui. Necessitatibus rem aut quasi.</p>'),
(989, 149, 106, '2019-05-05 22:49:15', '<p>Eaque provident nulla voluptas sint tenetur. Dolore necessitatibus et non vel. Iste occaecati non ut rerum est. Natus dolorum architecto nobis temporibus. Dolorem ipsam dolore quas aspernatur dolores et.</p><p>Voluptatem libero aliquam aperiam dolores exercitationem sunt. Eum facere ullam quia nisi atque ea vitae. Consequuntur molestiae quia natus ea est dolores expedita.</p>'),
(990, 150, 105, '2019-05-01 20:39:51', '<p>Dolor qui fugit quae odio. Vel expedita explicabo ut sapiente consequatur. Et aut quia ex aut sequi ad illum veniam.</p><p>Sed possimus est delectus ab eveniet distinctio vel. Perspiciatis sit eligendi cum numquam. Rerum et debitis et non et.</p>'),
(991, 150, 109, '2019-05-06 01:18:18', '<p>Doloremque exercitationem est a eum. Corporis maxime maxime aut exercitationem non asperiores est. Dignissimos sequi corporis nihil similique veritatis voluptatibus.</p><p>Officia ut nihil voluptatibus id tempore. Non est aut excepturi. Magnam cumque accusantium et labore ut expedita odio.</p>'),
(992, 150, 108, '2019-04-30 18:58:14', '<p>Est sed et exercitationem cupiditate similique perspiciatis ratione voluptate. Quia non aperiam eaque itaque. Nulla debitis repudiandae similique ut fugit eaque.</p><p>Eius qui dolorem earum officia ratione recusandae occaecati. Repellat cupiditate unde doloribus sit labore qui atque. Et nesciunt commodi ut itaque. Consequatur sit illo ut eaque omnis et in.</p>'),
(993, 150, 100, '2019-05-06 15:49:16', '<p>Cupiditate voluptatem est ullam tenetur. Sit suscipit similique cum harum fuga voluptas. Rerum et accusantium et accusamus nisi. Et eligendi quis et.</p><p>Fuga impedit hic eum voluptas. Similique sint vel accusamus recusandae autem. Eos deleniti earum dolore impedit amet sed non molestiae.</p>'),
(994, 150, 107, '2019-05-05 11:39:19', '<p>Blanditiis ea id ducimus dolor culpa. Illo quia quia aut necessitatibus eum sunt. Sed facere consectetur nobis quia a.</p><p>Molestiae et perferendis eligendi. Repellendus excepturi accusantium et numquam ut quo eveniet. Est soluta debitis velit sed animi sit natus qui.</p>'),
(995, 150, 103, '2019-05-05 18:33:17', '<p>Ea aspernatur debitis error delectus. Tempora et et quasi. Quasi est quae accusantium itaque odit. Quos corporis non molestiae recusandae.</p><p>Facilis est tempore commodi deleniti dolore quia aut. Culpa nulla earum autem cupiditate facere maxime id commodi. Accusantium quia sit distinctio incidunt maiores aspernatur.</p>'),
(996, 150, 96, '2019-05-01 19:54:53', '<p>Voluptas quia error aut ea eveniet. Voluptatem aut voluptates cupiditate hic. Quia culpa consectetur sed possimus distinctio. Nisi perferendis placeat ut non occaecati quia consectetur aut.</p><p>Reiciendis esse aut possimus omnis ea autem ut. Doloremque aliquam sunt dolorum velit. Nam architecto aperiam error. Fuga consequatur quis quaerat provident. Necessitatibus dolore voluptatum natus a.</p>'),
(997, 151, 100, '2019-05-05 14:28:13', '<p>Voluptas et deleniti quas voluptatem assumenda exercitationem qui. Ut sapiente natus incidunt aliquam. Nulla unde sed repellendus ipsum neque.</p><p>Est dolor sunt dolorum eos odio. Voluptas voluptatem repellat impedit quia aut ut. Rerum labore enim placeat quis maiores quos. Optio ut labore vero incidunt.</p>'),
(998, 151, 103, '2019-05-02 11:01:39', '<p>Fuga assumenda possimus non sed nihil. Laudantium quis odio laboriosam impedit qui in laudantium. Qui aut ipsum doloremque rem. Repellat tempora dolorum dolorum id nihil nisi ullam.</p><p>Id rem porro sunt consectetur ab commodi et illum. Voluptas error provident velit voluptatum modi eum laudantium. Doloremque et eligendi quibusdam deleniti autem nesciunt repudiandae.</p>'),
(999, 151, 89, '2019-05-01 02:20:24', '<p>Porro doloribus ut doloremque id odit et. Aut occaecati assumenda nam officiis est officia necessitatibus. Voluptas consequatur excepturi sed consequuntur qui consequatur.</p><p>Sit minima quasi omnis quo. Culpa rerum architecto quae fugiat dolorem. Fuga cupiditate ipsum fuga quia asperiores unde provident. Reprehenderit velit sit quia rem dolore fuga rem.</p>'),
(1000, 151, 107, '2019-05-01 08:36:04', '<p>Sed nam sit est quasi deleniti fugit aut. Libero accusamus ut omnis autem aut architecto aspernatur. Et repellendus aliquam et quasi perferendis. Alias ipsa quia quia delectus et.</p><p>Unde repellendus ut dolorum quas modi minima omnis. Ratione alias sed porro et atque voluptatum inventore. Dicta veritatis ea sit dolor.</p>'),
(1001, 151, 104, '2019-05-04 17:27:05', '<p>Consequatur officia expedita dicta blanditiis beatae tenetur eius. Atque ipsum porro ratione occaecati ut ea voluptatem. Ut dolores dolore et ipsum. At quae similique recusandae quaerat iure quam facilis.</p><p>Consequatur voluptatibus amet illo rerum enim. Repudiandae minus dolor vel debitis voluptas deleniti tenetur.</p>'),
(1002, 151, 104, '2019-04-29 07:40:11', '<p>Libero dolore quibusdam ut expedita. Itaque cumque architecto voluptas laudantium nostrum occaecati rerum. Laboriosam illo et consectetur dolorum in. Repellendus et commodi dolorem unde sit voluptatem veritatis.</p><p>Omnis odio repellat dolores eos corporis. Dolorem quia aut hic et dolor. Voluptatem enim laudantium quis omnis.</p>'),
(1003, 152, 98, '2019-04-01 01:56:15', '<p>Alias aut sequi tempore perspiciatis quibusdam cum. Soluta porro distinctio omnis itaque molestias non molestiae. Sint et debitis non iusto.</p><p>Quo in deserunt sit officia et quaerat debitis est. Voluptatibus incidunt totam quis sed. Nihil nemo aperiam ut dolorum placeat aliquam rem atque. Ut ut non dolor ullam sed.</p>'),
(1004, 152, 102, '2019-04-14 15:22:22', '<p>Reiciendis veritatis autem nam debitis et. Harum maiores nobis molestiae laudantium. Dolor officiis non odio corrupti quis cumque quia sunt.</p><p>Ad officia quo qui sit. Quae qui a vel natus. Non illo autem exercitationem odio aut vel itaque.</p>'),
(1005, 152, 97, '2019-04-21 12:11:39', '<p>Qui ea fugiat et. Eos in et consectetur dolorum ex ullam. Quis similique quasi eligendi omnis.</p><p>Optio tenetur distinctio est quo vel deleniti voluptates aspernatur. Aspernatur corrupti quia fugiat a exercitationem doloribus. Officiis velit dicta suscipit voluptates. Ab quibusdam quis quam minus omnis.</p>'),
(1006, 152, 92, '2019-04-12 05:05:44', '<p>Beatae sint perferendis nulla voluptatem non occaecati aspernatur. Consequatur voluptatibus dolorem doloribus molestiae aut. Exercitationem quas minima qui nemo quia distinctio. Et harum animi quis est labore tempore.</p><p>Veniam voluptatem deleniti eveniet voluptatem sit qui debitis. Corrupti sit officiis rerum nostrum laudantium aliquid maxime. Quis distinctio aliquam quis ut ea qui adipisci rerum. Vel necessitatibus quod magnam nihil est dolorem doloribus.</p>'),
(1007, 152, 93, '2019-04-26 00:04:39', '<p>Alias quos culpa impedit vero aut dignissimos. Eum beatae non ea. Laudantium sit quia vero sit consequatur. Possimus quas amet enim aliquid et cumque non repellendus.</p><p>Nam et quia sed corporis laudantium distinctio. Facere ipsa temporibus dolorem necessitatibus. Neque dicta doloremque commodi similique. Fugit voluptas dolores perspiciatis et debitis eos.</p>'),
(1008, 152, 89, '2019-04-09 06:41:38', '<p>Deleniti sit repudiandae et recusandae. Exercitationem labore et sit magnam. Qui fugit officiis tempora quibusdam dolor est impedit.</p><p>Ea ut labore quo id iure. Corporis vel illo impedit aut et. Dolor omnis similique amet doloribus omnis ut ut rerum. Alias ratione temporibus consequatur quo similique facere.</p>'),
(1009, 152, 94, '2019-03-29 12:01:53', '<p>Ipsum veritatis dolor dignissimos nobis perferendis. Et earum et voluptate iste.</p><p>Ea eum id incidunt labore est vel quo. Maxime fugit dolorum expedita veniam est ut tempora. Repellendus omnis sit nostrum corrupti perferendis harum.</p>'),
(1010, 152, 101, '2019-03-27 17:35:59', '<p>Voluptates sit et cupiditate suscipit. Maxime modi aut aliquid minus. Est optio et consequatur.</p><p>Vel sit qui eius quaerat dolorem dolor et. Et quia sit quia. Ratione vero consequatur maiores. Corporis quia temporibus nobis doloribus non.</p>'),
(1011, 153, 103, '2019-04-25 20:17:42', '<p>Eos voluptatibus aliquid eveniet eveniet voluptas pariatur dolorem. Eveniet aliquid saepe perferendis molestiae perspiciatis dolorem deserunt. Quis eos tenetur non sapiente aliquid ad id est.</p><p>Qui beatae molestias corrupti aliquam non asperiores. Provident est occaecati iusto soluta magni porro perferendis voluptatum. Distinctio unde repudiandae eaque fuga. Minus id blanditiis ex porro est quis. Et eaque dignissimos accusantium error suscipit sunt minus.</p>'),
(1012, 153, 97, '2019-04-26 11:29:57', '<p>Molestiae et molestias itaque sed praesentium quia. Omnis et ab sapiente. Libero soluta esse est. Iste reiciendis fugiat temporibus et.</p><p>Sed illo ex harum et at eius aut. Ex cupiditate omnis consectetur fugit ipsa nobis. Molestiae ut ea corrupti dolores consequuntur qui provident. A voluptate ratione nihil.</p>'),
(1013, 153, 99, '2019-05-02 01:14:09', '<p>Suscipit officiis nobis ratione non et est ut. Minima aliquam sunt consequatur et sed. Quibusdam et voluptate eligendi. Impedit doloribus rerum deleniti sit ex.</p><p>Sit quod maiores sed rerum aut ut et. Eum repellat aspernatur velit omnis magni qui sequi. Aliquam enim soluta nam totam. Nisi sed quisquam odit soluta autem sint.</p>'),
(1014, 153, 102, '2019-04-08 12:14:16', '<p>Suscipit et illum possimus voluptatem. Inventore eos est minima sit. Assumenda id est reprehenderit molestias cupiditate. Explicabo et et qui necessitatibus odit accusantium harum.</p><p>Dolorum et quibusdam consectetur consectetur. Quod et quod doloribus. Corrupti fugit ipsa accusamus. Eligendi excepturi quam error.</p>'),
(1015, 153, 92, '2019-05-01 20:38:02', '<p>Est ad distinctio fuga corporis rerum. In quidem ex praesentium ut consectetur. Et explicabo iste reprehenderit et qui. Cum totam iste dolor nostrum non voluptatem dolore.</p><p>Veniam porro facere architecto occaecati officia. Vero rerum facere nostrum reprehenderit necessitatibus dolorem soluta.</p>'),
(1016, 153, 95, '2019-04-10 13:16:38', '<p>Enim et aliquam suscipit dignissimos repudiandae ea fugiat. Debitis repellat doloribus sed tempore commodi. Vel itaque nihil in sint recusandae quos. Dolores quaerat molestiae quasi vel.</p><p>Laboriosam neque enim alias nihil repudiandae nobis dolorem nisi. Vitae enim hic dolorem odio debitis quia quibusdam. Rerum vitae ea quo et voluptatem quae perferendis.</p>'),
(1017, 154, 104, '2019-03-24 17:59:41', '<p>Consequatur minus sint minima repudiandae exercitationem. Molestiae aut rerum nisi explicabo accusantium et. Odit iusto illum et aut est dolores. Nostrum porro nihil iste voluptatem voluptates autem temporibus illum.</p><p>Qui corrupti sed praesentium quis. Nihil aut provident quidem consequuntur voluptatem ut quidem ab. Quasi maiores deserunt in praesentium. Molestias et quibusdam minus totam veritatis.</p>'),
(1018, 154, 96, '2019-04-22 03:14:07', '<p>Quia omnis magnam quos aperiam repellendus. Eum voluptas assumenda sequi. Ratione aliquid dolores illo unde doloremque ab. Nihil sint voluptas sed dolorum harum. Facere voluptatem dolores dolorem harum.</p><p>Rerum consequuntur rerum delectus non. Voluptatem exercitationem hic exercitationem est soluta pariatur tempore alias. Neque et nihil voluptas enim voluptates velit vel.</p>'),
(1019, 154, 100, '2019-04-19 13:15:33', '<p>Voluptatum veritatis ut quos molestiae quaerat ab. Ut illum ea dolorem quae molestias unde. Vel facere hic itaque nemo culpa. Eum doloremque dignissimos saepe et iure consequatur. Voluptatem omnis voluptatem deserunt.</p><p>Architecto voluptatum et sequi dolorem et. Officiis voluptates ut temporibus. Sit rerum possimus impedit qui odit quos non. Qui est a unde architecto dolor saepe ut.</p>'),
(1020, 154, 105, '2019-04-17 05:46:12', '<p>Voluptas et quia nemo. Et enim adipisci et sed recusandae incidunt dicta. Modi in et ut iusto enim.</p><p>Dignissimos alias distinctio ex sit odio sit. Quasi non aut sint odit aut. Suscipit numquam esse quibusdam eligendi.</p>'),
(1021, 154, 100, '2019-04-21 07:34:30', '<p>Quidem animi assumenda officiis ex placeat. Iste corrupti quae molestiae ex aut delectus. Dolor eos consequuntur est repudiandae nisi et. Laborum quia tempore sint alias.</p><p>Tenetur ipsam hic tempora sunt temporibus dolores sed. Nesciunt temporibus voluptate non. Nostrum quia totam nihil ullam exercitationem voluptatum atque. Ut quidem nihil eum culpa numquam odit.</p>'),
(1022, 154, 97, '2019-03-26 09:24:34', '<p>Deserunt voluptates occaecati placeat inventore velit est ut. Dignissimos dolorum ut ea corrupti qui nam voluptas. Sit tempore ea natus hic accusantium ad unde.</p><p>Aut dolores sed hic itaque et quasi. Reiciendis voluptates ut et quo. Amet aliquid et aliquam vel fugit qui est.</p>'),
(1023, 154, 98, '2019-03-16 17:57:39', '<p>Delectus eum tempore dolorum officia fugit. Quo quo nisi quae rem voluptas. Repudiandae doloribus molestiae incidunt similique temporibus. Ipsum incidunt voluptatem qui blanditiis enim rem est ea.</p><p>Cupiditate unde quia perferendis exercitationem maiores. Laboriosam odio sunt sit veritatis qui est voluptas rem.</p>'),
(1024, 154, 107, '2019-05-03 20:13:36', '<p>Aut eveniet veritatis sequi perferendis earum rerum sit. Neque dolores necessitatibus ut placeat et itaque exercitationem recusandae. Quis eos dolorem voluptas natus molestiae. Sint quia illum consequatur sed rem.</p><p>Recusandae alias vero maiores dolores ipsa omnis. Id facilis alias autem quas. Dolorem aut dolorem eum nostrum explicabo et quasi aut.</p>'),
(1025, 155, 101, '2019-04-30 21:15:19', '<p>Consequatur est maiores porro ut occaecati ducimus. Amet consequatur nulla eos cupiditate omnis sed ut. Possimus eos voluptatem sit recusandae. Cumque ipsa est unde animi molestiae ea.</p><p>Odio repellat cum ipsam ipsa nulla quos. Odio nemo sunt corporis quia rem et sapiente. Porro assumenda alias sunt numquam magnam veritatis est. Fuga atque nihil enim impedit delectus qui rerum.</p>'),
(1026, 155, 91, '2019-04-26 06:06:38', '<p>Sed harum ea at hic aliquid earum quod inventore. Minima et mollitia ea eum dicta mollitia cum ab. Vero commodi odio aut neque animi ullam ipsum.</p><p>Fugiat voluptatem adipisci modi dolor eaque ipsa ullam. Qui et reprehenderit at totam deserunt eum doloremque. Consequatur sed vel et deserunt illum nemo molestias.</p>'),
(1027, 155, 106, '2019-05-02 18:58:15', '<p>Et necessitatibus tempora illo officia. Eaque quis praesentium et esse neque minima. Sit ea doloribus est dolorum necessitatibus neque possimus. Omnis dicta est asperiores. Doloremque soluta suscipit voluptatibus sunt ipsam tempora.</p><p>Amet et ex fuga. Enim harum tenetur omnis voluptatibus sed vel. Rerum in ipsa non explicabo. Quis quam sit quae ex aut quo.</p>'),
(1028, 155, 106, '2019-04-29 12:45:27', '<p>Nemo minus est et aut minus eos. Provident eligendi nisi hic. Et dolorum quasi enim sunt labore tenetur. Ut ut quia excepturi aut quisquam.</p><p>Velit dolorem quod quae alias. Eos magnam soluta et et voluptates labore. Nam illum quia porro. Non omnis sit vero. Laborum reiciendis voluptatem rerum ratione.</p>'),
(1029, 155, 98, '2019-05-06 10:48:41', '<p>A nisi suscipit nostrum ut. Voluptatum reiciendis assumenda neque est et quis. At laudantium aut eaque est. Sit tempora aspernatur et vero voluptatibus molestias porro.</p><p>Qui illum facilis et quia repudiandae dolor. Sequi et quia vel nulla facilis repudiandae. Dolorem sint cum asperiores minus omnis et rerum. Et nesciunt laborum quas unde quo.</p>'),
(1030, 155, 92, '2019-04-20 03:38:57', '<p>Dolores nesciunt ea odio animi reprehenderit vel delectus. Accusamus enim explicabo ut reiciendis nihil rem. Id sit nostrum ut esse.</p><p>Quia est eum accusantium voluptatem qui. Totam aut ut inventore quia reiciendis.</p>'),
(1031, 155, 95, '2019-04-19 14:42:14', '<p>Consequatur numquam sed quaerat dolorum nihil ab voluptatibus aut. Quo esse aut maiores voluptas minus optio. Quo optio id non pariatur rerum repellendus tempore. Maiores accusamus ducimus id omnis sint. Qui voluptatem et aut tenetur ut ex amet tempora.</p><p>Voluptatem debitis id tenetur necessitatibus nesciunt et alias. Recusandae consequatur similique exercitationem rerum. Qui sed architecto doloribus deserunt. Quasi qui officiis et debitis excepturi voluptatibus vel. Accusantium ut quia aut sapiente.</p>'),
(1032, 156, 90, '2019-05-06 22:41:03', '<p>Rem commodi quo deleniti sunt vel. Sit quia sunt tempora praesentium nihil. Nisi sit tempore est ducimus fugit animi. Velit dicta quis saepe excepturi soluta.</p><p>Est rerum similique molestias dicta accusantium enim tempora. Distinctio est nihil doloremque nulla nostrum. Quod distinctio porro nam cumque sit.</p>'),
(1033, 156, 105, '2019-05-06 22:41:03', '<p>Quidem ut laboriosam nostrum laborum. Aperiam alias esse asperiores dignissimos nostrum rerum saepe earum. Porro iure at dolorem adipisci repellat quod. Dolorem esse quis commodi id perferendis sunt.</p><p>Ut ut commodi excepturi consectetur et. Sed culpa vitae aliquid neque dolore. Dicta quo quis atque labore velit non dolor sint.</p>'),
(1034, 156, 99, '2019-05-06 22:41:03', '<p>Commodi suscipit omnis dolorum quaerat doloremque. Officia est saepe adipisci magni sequi deleniti et. Debitis quia ut deserunt possimus rerum quia. Dolores voluptatem nostrum id voluptatem. Tempora consequatur voluptatum saepe eos cumque.</p><p>Deleniti laudantium et quaerat delectus id. Quos qui possimus porro ut non similique rerum laboriosam.</p>'),
(1035, 156, 92, '2019-05-06 22:41:03', '<p>Ut magni velit omnis quae tempore corporis numquam. Maxime voluptatibus omnis exercitationem hic deleniti. Optio non optio ab error est accusantium quis.</p><p>Aut harum natus dolor est suscipit quis inventore. Omnis expedita qui enim. Rerum sapiente blanditiis quam temporibus autem doloribus qui est.</p>'),
(1036, 156, 103, '2019-05-06 22:41:03', '<p>Quod voluptatem consequatur voluptatem et reiciendis consequatur reiciendis. Quibusdam eum libero corporis rerum.</p><p>Qui sunt fugiat nostrum vel et accusamus nisi qui. Blanditiis vel error beatae molestiae doloribus sit. Nesciunt assumenda aut numquam vel laudantium ut id. Voluptatum sunt et eos quam.</p>'),
(1037, 156, 106, '2019-05-06 22:41:03', '<p>Nobis et vero vero corporis qui. Voluptatem maiores suscipit nulla optio sunt ut qui. Aliquid et recusandae voluptatibus.</p><p>Molestias quia qui est iure sed impedit inventore. A possimus veritatis corporis deserunt placeat et. Suscipit maiores quis qui ut magnam. Architecto exercitationem saepe esse commodi et laboriosam quo.</p>'),
(1038, 156, 100, '2019-05-06 22:41:03', '<p>Voluptatem quis alias quidem sint non qui. Explicabo beatae distinctio porro unde. Dolor omnis enim id nihil. Accusantium quo eius corporis sed.</p><p>Maxime omnis at vitae autem nobis fuga in. Rerum ad ullam est sint.</p>'),
(1039, 156, 109, '2019-05-06 22:41:03', '<p>Saepe nesciunt sunt dolor libero. In eaque est est repellat vitae quidem eveniet.</p><p>Sint alias atque maxime consequuntur nihil perspiciatis. Laudantium asperiores ad delectus. Rerum nam magni aut possimus.</p>'),
(1040, 157, 96, '2019-04-29 06:42:14', '<p>Ut eveniet perspiciatis ut quod nostrum. Nam rerum a excepturi. Molestiae inventore eos perferendis corrupti esse facere aperiam. Dicta architecto amet repudiandae doloremque ipsam blanditiis.</p><p>Sequi maiores laboriosam sit non non exercitationem. Aut voluptatem animi voluptatem. Unde non ipsum laborum quo veritatis ratione qui a. Cupiditate at est sit.</p>'),
(1041, 157, 97, '2019-04-29 09:20:26', '<p>Est pariatur corrupti beatae repellat inventore. Ut sapiente sed totam occaecati.</p><p>Quis doloremque omnis ut autem hic. Maiores dolore aut quaerat iste iure. Odio autem provident inventore a. Eos rerum molestiae quia facere.</p>'),
(1042, 157, 109, '2019-05-04 21:30:25', '<p>Voluptatem earum consequatur sit qui inventore et. Delectus dolores maiores nobis. Esse facere aut et quia.</p><p>Ut asperiores aspernatur deleniti voluptatem ut. A voluptatibus et accusantium. Omnis ab tempora soluta eos recusandae eaque quasi neque. Animi dolores accusamus id non totam.</p>'),
(1043, 157, 93, '2019-05-01 21:40:35', '<p>Libero eum aut dolorem non nostrum quibusdam aperiam. Ut ullam et aut possimus pariatur architecto excepturi. Quis accusantium voluptate consequatur voluptatibus.</p><p>Aut repellat distinctio consequatur quis. Voluptas sit non aut ut dolor magnam aspernatur. Maxime ipsum beatae est similique sunt repellendus qui.</p>'),
(1044, 157, 100, '2019-05-01 03:26:43', '<p>Corporis itaque quasi aliquid hic. Ut animi et optio eos. Error omnis iste tempore sunt optio. Doloremque asperiores est quo esse voluptatem.</p><p>Nostrum voluptatem et quis modi. Aut nam facere id et. Ea temporibus tenetur omnis qui sit. Qui aut a deserunt et nisi.</p>'),
(1045, 157, 102, '2019-05-05 02:11:07', '<p>Velit et soluta rem enim aliquam in. Aut consequuntur enim animi unde. Veritatis sint sit mollitia ipsa voluptatibus qui. Laborum autem ullam aliquid voluptatem.</p><p>Nesciunt qui ipsa quae aut dolorem voluptatem. Quos sit perspiciatis alias cum eum facere quia ad. Aperiam porro qui expedita id.</p>'),
(1046, 157, 98, '2019-05-02 13:50:46', '<p>Molestiae enim ea delectus ipsum nisi voluptate. Dolores temporibus numquam excepturi sint eos voluptas quis. Quo magni ipsam expedita. Ut est expedita in delectus.</p><p>Eum et incidunt aperiam. Beatae sit velit non. Soluta et ut dolores.</p>'),
(1047, 157, 105, '2019-05-02 17:27:00', '<p>Sequi nostrum qui culpa voluptatum occaecati. Exercitationem quos voluptates in voluptates nulla.</p><p>Labore beatae quaerat consequuntur eos ipsum et. Omnis at amet minus ut. Ducimus magni distinctio qui id commodi sapiente voluptas occaecati.</p>'),
(1048, 157, 105, '2019-05-05 02:40:51', '<p>Voluptas nisi maiores impedit. Qui placeat aut mollitia vitae est aut. Ratione sunt eos tempore.</p><p>Sit consequatur sit cupiditate quia voluptatem animi. Omnis est pariatur maiores quod quia sapiente pariatur. Eos unde est illum accusantium harum. Inventore omnis quibusdam ratione autem esse. Ex corrupti est aspernatur reiciendis nemo quae.</p>'),
(1049, 158, 101, '2019-05-04 20:28:51', '<p>Nobis magni neque et amet voluptatibus et quia voluptatem. Aut officiis earum pariatur non voluptatem eveniet. Minima occaecati suscipit quis itaque voluptas eaque sint. Ullam nisi voluptate eligendi deleniti quas.</p><p>Et animi reprehenderit provident. Et voluptatem qui eius ullam explicabo rerum. Eos error et deserunt.</p>'),
(1050, 158, 103, '2019-05-02 20:18:21', '<p>Ipsam nesciunt nesciunt necessitatibus sit excepturi magnam necessitatibus. Fugit aliquid quia architecto eos quis ullam. Dolore esse non sed ad eos. Possimus debitis placeat veniam ipsam fugiat a voluptas.</p><p>Laborum deleniti corrupti quam qui vero reprehenderit aut. Consequatur velit est et voluptas est in. Eius maiores earum ipsam dolore eius ea.</p>'),
(1051, 158, 107, '2019-05-04 03:13:45', '<p>Qui amet quas voluptas eos aut. Enim ut a quo dolorem. Vel minus eligendi accusantium error unde ut. Laborum quis aut explicabo suscipit.</p><p>Distinctio voluptatem consequatur perspiciatis sapiente. Animi aut id natus natus. Et voluptates et est qui autem.</p>'),
(1052, 158, 97, '2019-05-06 01:57:26', '<p>Expedita quis facere voluptatum ea. Iure totam delectus cumque pariatur sed qui.</p><p>Cumque sapiente perspiciatis placeat distinctio nihil ea aspernatur ut. Quidem et quo quibusdam minus non ex nihil. Et sed enim et ipsam quia consequuntur voluptate.</p>'),
(1053, 158, 95, '2019-05-04 18:17:07', '<p>Dolor voluptatibus itaque debitis aut sapiente quos. Quo veritatis odit cum et temporibus ab eos. Voluptatem cum debitis itaque. Ex adipisci quia dolor quis id.</p><p>Optio consequatur error facere. Fugit culpa voluptatum tenetur dolorem sint mollitia optio. Repudiandae omnis unde quam magnam nihil nemo. Quidem odio nobis distinctio et et.</p>'),
(1054, 158, 98, '2019-05-03 12:41:22', '<p>Qui quidem maiores laboriosam quia sed. Non rerum est nobis minus tenetur. Qui sed numquam dolorum id et. Quod necessitatibus omnis ullam voluptatem.</p><p>Qui totam quis ut veritatis. Eos nostrum est aut ipsum mollitia qui. Est provident a expedita nostrum dolorem qui quod. Omnis necessitatibus aut illum animi rerum qui.</p>'),
(1055, 158, 108, '2019-05-02 13:13:28', '<p>Qui nemo culpa tenetur est nostrum. Expedita quidem nulla laborum veritatis sunt. Earum dolores dolores deserunt eum impedit. Nesciunt sit vel molestias culpa vel accusamus.</p><p>Necessitatibus possimus repellat laborum ut. Alias nemo neque saepe fuga saepe. Blanditiis dolore ut nihil quo quisquam vel. Veniam vero officiis et voluptate.</p>'),
(1056, 159, 90, '2019-04-28 11:59:54', '<p>Aliquid eius deserunt iusto nulla qui vitae velit et. Nostrum rem omnis cumque alias sit dignissimos. Perferendis et et voluptate eaque voluptatem.</p><p>Consequatur aliquid aliquid et expedita. Non distinctio nulla et modi facilis odio soluta. Pariatur et dolorum sunt sit officia quaerat magnam. Aliquam praesentium itaque sed rerum ratione non.</p>'),
(1057, 159, 104, '2019-04-29 10:26:54', '<p>Veritatis sed ab omnis consectetur consequuntur praesentium quidem. Dolores rerum quae tempore quis dolor laboriosam. Similique voluptatibus tenetur fugit saepe dolore. Amet error sequi voluptas beatae distinctio nemo quidem dolore.</p><p>Commodi expedita animi nobis iure. Et velit doloremque quis aperiam odit odio eum corrupti. Quidem est cumque et aut dolores ut earum. Soluta illum harum nobis qui quo voluptatem.</p>'),
(1058, 159, 101, '2019-03-31 21:44:58', '<p>Minus rerum dicta ducimus at repellendus harum necessitatibus. Odio similique aspernatur exercitationem blanditiis tempora aut voluptate. Ratione id et perferendis dolor natus deserunt est. Et qui ea explicabo incidunt ducimus autem.</p><p>Dolorum molestiae fugit non non. Pariatur perspiciatis assumenda blanditiis soluta rerum. Tempore nisi repellendus qui et fuga aut. Perspiciatis voluptas eos quasi quaerat commodi et eaque cupiditate.</p>'),
(1059, 159, 98, '2019-04-29 10:29:32', '<p>Pariatur aut ad sed libero saepe. Unde quia omnis minus quibusdam. Omnis porro facilis quis eum rerum rem modi est. Rem non velit nisi vel. Delectus aut molestiae illo illo aut odit.</p><p>Maxime consequatur aut facere voluptate et quasi. Sed nisi rerum et maxime molestiae.</p>'),
(1060, 159, 97, '2019-04-25 11:33:07', '<p>Doloremque consequatur magnam et natus alias facilis perspiciatis. Dolor et laboriosam ex cumque repellendus et nulla atque. Deleniti voluptas repellendus perspiciatis sequi. Laborum rem dicta odio vitae voluptatum enim consequatur.</p><p>Exercitationem alias ut laborum error. Dolorem qui rerum aliquam minus enim. Molestiae cum recusandae earum dignissimos ut.</p>'),
(1061, 159, 93, '2019-04-25 20:39:18', '<p>Commodi rerum sequi veniam voluptatum rerum et minima. Ipsam voluptatem voluptas possimus hic provident occaecati. Atque nostrum saepe voluptates minus animi.</p><p>Tenetur nobis doloremque ut ratione et neque. Omnis aliquid at rerum accusantium nobis eius. Commodi ut quisquam sapiente. Nam a dolorem consequuntur dolor fugit odit quia.</p>'),
(1062, 160, 108, '2019-05-06 20:45:11', '<p>Est unde aliquid cumque. Ab sit quia consequatur veritatis veritatis reprehenderit. Rem aut a dolore nihil vitae incidunt voluptate.</p><p>Qui sapiente repellat sequi voluptate. Earum sed deserunt fugiat. Maxime dolores dolore voluptatem eveniet. Occaecati inventore atque ut aut facilis.</p>'),
(1063, 160, 100, '2019-05-05 08:35:18', '<p>Est sint molestiae earum voluptas eum recusandae non. Sit et enim soluta quod enim praesentium est. Veniam quasi eum laboriosam et non minus.</p><p>Quo possimus quaerat nesciunt incidunt ut non porro. Dolor odio quisquam molestiae ipsam deleniti totam. Vel sunt velit saepe autem doloribus asperiores. Nostrum laudantium ratione neque.</p>'),
(1064, 160, 89, '2019-04-14 07:07:19', '<p>Quae numquam sint ipsa quo sit omnis. Sed qui sed nesciunt sint. Magnam asperiores labore dolore dolores maxime.</p><p>Itaque dolores accusamus placeat ducimus esse qui. Ipsum error provident ea tempore assumenda ut. Enim est quia accusantium fugiat ullam.</p>'),
(1065, 160, 92, '2019-04-24 04:16:54', '<p>Nostrum dolorem accusantium placeat quia ratione. Quia voluptates hic dolores molestias quidem optio quae. Atque molestiae tenetur voluptatem et earum.</p><p>Dolor aut inventore incidunt sed fugit officiis eos corporis. Omnis sequi qui nesciunt. Id non in veritatis et omnis vel.</p>'),
(1066, 160, 91, '2019-04-28 20:44:59', '<p>Quasi sed magni reprehenderit enim veniam ut qui. Itaque soluta commodi dicta voluptatibus eos sed ab et. Praesentium impedit enim id quisquam laborum rem.</p><p>Unde sapiente tenetur laboriosam et dolores. Vitae qui temporibus facere quos ut omnis rem praesentium. Itaque ut omnis vel.</p>'),
(1067, 160, 90, '2019-04-24 23:27:07', '<p>Ipsum iusto nisi delectus alias adipisci neque exercitationem. Quas est asperiores eos. Consequuntur illum est quisquam sit occaecati dolorem magnam.</p><p>Minima et necessitatibus totam non veniam unde. Dolorum facere asperiores doloremque voluptas et a et. Atque qui omnis unde aut.</p>'),
(1068, 160, 102, '2019-05-01 08:21:02', '<p>Rerum rem facere ea cupiditate facere molestiae. Doloremque laudantium qui voluptatum ut. Inventore suscipit ut itaque. Corrupti non labore maiores facilis at voluptas.</p><p>Exercitationem deserunt minima nesciunt ut sit quas aliquid vitae. Aspernatur aut aut non aperiam placeat illo sed consequatur. Unde iste illum temporibus aut facere rem. Amet quibusdam perspiciatis est autem.</p>'),
(1069, 160, 93, '2019-04-25 13:15:48', '<p>Ratione earum laboriosam dolores aut aspernatur enim iste. Praesentium minus non ipsa accusamus architecto quae. Illo possimus et sit necessitatibus quis.</p><p>Commodi aliquid similique ea sint nam ducimus. Eum in voluptatem qui odit voluptates reiciendis nam. Earum perspiciatis ab quos. Est rerum iusto quasi.</p>'),
(1070, 161, 100, '2019-04-24 01:24:32', '<p>Nisi nam totam nesciunt magnam cupiditate. Itaque aut officia doloremque. Officiis quisquam possimus ipsa est dolorum. Quia sequi quaerat recusandae maiores omnis reiciendis corrupti.</p><p>Nihil necessitatibus et nobis dolorem. Excepturi in porro beatae quia numquam. Quo hic qui nihil magni dolorem laudantium magnam. Voluptate ea et non eum aut non quaerat.</p>'),
(1071, 161, 105, '2019-04-13 08:52:20', '<p>Unde quaerat sapiente distinctio aut a repudiandae. Sit quasi explicabo est ratione id voluptas. Nostrum quod id iure quasi maxime. Aut recusandae nihil eum repudiandae adipisci dolorem unde repudiandae.</p><p>Modi architecto fugiat eos perferendis quasi sit commodi. Cupiditate saepe et fuga eos. Molestias doloribus praesentium iure aut quidem nulla sed. Quaerat non assumenda nemo ipsam.</p>'),
(1072, 161, 106, '2019-04-19 15:41:46', '<p>Officiis cum consequatur voluptatem quidem sunt. Adipisci et ut exercitationem non numquam ut et. Qui molestias non ipsa.</p><p>Animi alias voluptatum repudiandae molestias quia. Nisi et vel voluptas sequi dolores fugiat. Omnis sapiente suscipit quia qui quo qui. Dolore quidem quaerat eum optio.</p>'),
(1073, 161, 96, '2019-05-04 05:15:41', '<p>Qui temporibus corrupti odit. In sed fuga dolore sit ipsam ut ut.</p><p>Qui aliquam quis sapiente facere fugit modi ipsum. Illo quod quas beatae. Quia quasi aspernatur et eum magnam consequuntur.</p>'),
(1074, 161, 109, '2019-04-25 18:49:11', '<p>Adipisci ipsa autem perspiciatis nemo saepe pariatur minima. Nostrum aspernatur excepturi repudiandae expedita. Incidunt temporibus vel delectus molestiae in eos iure et. Assumenda aut vel exercitationem eligendi quia.</p><p>Beatae vel nesciunt natus molestias soluta occaecati totam. Omnis necessitatibus aut dolores illum accusantium saepe. Quod sint repellendus sint eaque.</p>'),
(1075, 161, 104, '2019-04-05 07:24:41', '<p>Sint consequatur fugiat laborum ea. Eum nesciunt rerum accusamus ad nostrum quia. Dolores sint veritatis quis quisquam. Numquam tenetur molestias fugiat at qui itaque.</p><p>Perspiciatis voluptatem aliquid voluptas. Veritatis rerum hic autem laudantium dolorum. Sit occaecati autem et deserunt. Ratione id ex voluptatibus quidem aut. Reiciendis placeat laboriosam voluptatem sint hic officiis.</p>'),
(1076, 161, 92, '2019-04-22 10:26:05', '<p>Qui est aut maiores cum veritatis. Possimus quibusdam non doloremque dolor qui necessitatibus. In et rerum quisquam sapiente magnam accusamus.</p><p>Totam a assumenda voluptatem sint. Eum sed nihil aliquid quidem. Libero sed alias ea beatae tenetur modi dolor.</p>'),
(1077, 161, 100, '2019-05-03 04:43:17', '<p>Velit sequi occaecati numquam itaque occaecati a qui. Voluptatem eius facilis eum et et mollitia aut. Impedit voluptatum aut culpa sequi.</p><p>Velit quo fugiat molestiae accusamus. Doloremque optio ea consequatur ullam maxime.</p>'),
(1078, 161, 108, '2019-04-14 13:52:35', '<p>Eligendi at dolor blanditiis in. Consequatur unde repellat qui consequuntur velit velit quo. Molestiae et ipsam velit ullam nobis quaerat.</p><p>Non voluptas rerum molestiae dolorem rerum ut. Magni officiis culpa magnam rem et consequatur aspernatur. Aut rerum dignissimos nulla ut ipsa molestiae. Similique aut eveniet est non cupiditate.</p>'),
(1079, 162, 99, '2019-05-05 04:27:07', '<p>Quis est cumque in quibusdam aspernatur animi cum. Repudiandae quis eum vitae doloremque assumenda. Et asperiores qui voluptatem eum aliquid eum. Non beatae cumque animi aspernatur repellendus.</p><p>Quia et amet commodi exercitationem sint libero. Dolorem architecto quas magnam repellendus voluptatem dolorem. Totam repellat ea tenetur temporibus molestias. Perspiciatis et pariatur aut occaecati laudantium at numquam. Eum quas optio aut eos.</p>'),
(1080, 162, 107, '2019-05-02 19:00:50', '<p>Ab non aut voluptates. Dolores quasi voluptatibus et eos sit. Qui ut dolorem sint consectetur ad. Pariatur consequatur excepturi inventore accusantium consequatur velit vel nam.</p><p>Ut eum nemo dolores. Aut consequuntur cum ab laboriosam aperiam ab earum repellendus. Vitae illo porro libero harum itaque velit. Voluptatum sequi ea qui autem facere qui.</p>'),
(1081, 162, 107, '2019-04-25 05:09:43', '<p>Et dicta debitis accusantium quam repellendus perspiciatis modi. Tempora voluptate commodi nihil quia repellendus officiis. Modi atque consequuntur aperiam blanditiis porro.</p><p>Aut accusantium et est ea placeat. Quis maxime sed at excepturi.</p>'),
(1082, 162, 100, '2019-05-04 06:48:12', '<p>Eum aut est facere praesentium neque voluptates. Quo suscipit voluptatum tempora officiis aut. Distinctio sint ea iure nobis iusto commodi unde voluptas. Consectetur omnis animi esse omnis cupiditate.</p><p>Assumenda placeat quam amet. Iste voluptas et aut dolor similique fugit omnis. Possimus cumque perferendis sed consequatur architecto. Quibusdam sed velit et pariatur sint cumque.</p>'),
(1083, 162, 96, '2019-04-26 12:59:25', '<p>Atque temporibus qui dolores voluptate et odio. Veritatis cum velit qui atque. Illo porro at ratione suscipit libero qui ea. Nemo nobis fuga explicabo eos nam facere.</p><p>Omnis molestiae veritatis velit minima eaque voluptatem nemo ab. Dolores fugit dolorem quia expedita in. Officiis beatae quidem incidunt consequatur voluptate.</p>'),
(1084, 162, 91, '2019-04-26 07:32:54', '<p>Consequatur enim dignissimos qui facilis distinctio non. Quasi ut qui voluptas est qui dicta et. Et voluptatum incidunt quis labore aspernatur at. Modi eligendi iusto voluptate sunt sit.</p><p>Ad eos pariatur porro eum fugit aut aliquam. Fugiat totam deleniti incidunt mollitia aliquid et. Aspernatur dolorem et et dolore quos autem similique.</p>'),
(1085, 162, 96, '2019-05-01 06:56:08', '<p>Voluptatem qui autem odio illum dolore. Totam eum et ullam consequatur soluta ut beatae. Culpa non rerum vero enim odio. Omnis similique autem cupiditate enim neque culpa.</p><p>Enim qui nam harum. Illum saepe quis optio est assumenda ducimus nostrum. Nihil veniam quia et aliquam. Cum corporis aspernatur autem deserunt dicta voluptas odio.</p>'),
(1086, 163, 107, '2019-04-09 14:46:16', '<p>Suscipit repudiandae qui et. Natus deserunt in corporis perferendis tempore dolorem saepe. Deleniti qui tempora debitis placeat sequi corporis nesciunt. Aspernatur voluptas consectetur officia corporis aut repudiandae.</p><p>Placeat ut ut commodi minima dolores et nihil. Assumenda autem nihil eum ut facere. Magni distinctio earum id ut sit. Voluptatem et quia molestias perspiciatis assumenda voluptatem. Voluptas earum earum odio et id est.</p>'),
(1087, 163, 95, '2019-04-10 20:37:46', '<p>Eligendi qui eos ut non delectus. Amet consectetur laboriosam reprehenderit sed sint accusantium saepe. A sit ullam qui adipisci quod nobis. Occaecati corrupti vero qui fuga consequatur.</p><p>Aliquid et vel aperiam impedit. Ullam perferendis aut impedit voluptatem iste facere enim. Saepe natus sit qui quidem sequi. In iste quasi libero velit voluptate ab quibusdam.</p>'),
(1088, 163, 108, '2019-05-02 22:13:08', '<p>Molestiae aperiam quia harum eligendi adipisci atque. Saepe aut repellat aut unde. Enim impedit magnam eum amet. Dolor fugiat quas est.</p><p>Excepturi repellendus porro dolorem placeat voluptatem non voluptas. Quis dignissimos voluptatibus suscipit dolorem quae aut. Debitis qui eum consequatur.</p>'),
(1089, 163, 106, '2019-05-04 08:27:10', '<p>Eos nemo aut corporis rerum quaerat sint esse. Vel necessitatibus reprehenderit fugit voluptate sunt quas. Aut porro odit tempora est. Autem veritatis minima labore a cum.</p><p>Quaerat cumque quam unde eaque ut est. Provident cupiditate molestiae quibusdam deleniti dolorem et. Ipsum id facilis omnis alias.</p>'),
(1090, 163, 93, '2019-04-22 18:20:10', '<p>Earum voluptates ut ut quia maxime sapiente. Tenetur praesentium soluta magni culpa qui nesciunt. Mollitia autem sapiente et voluptas est natus laudantium. Provident at qui velit in optio quo.</p><p>In in quis nam neque modi eligendi odio. Inventore eius eos in. Perferendis nemo eos deserunt dolores iusto. Rerum doloremque et et labore aut omnis veritatis.</p>'),
(1091, 163, 107, '2019-04-19 14:03:40', '<p>Et ipsa quo voluptatem laboriosam qui earum. Dolor ad possimus eum ratione sint architecto deserunt. Culpa reiciendis dolores nisi vel minus illo quibusdam sint. Placeat in possimus facere dolor aut culpa dolore.</p><p>Optio voluptas et ipsum nostrum. Sint animi eius repellendus et qui ut sapiente adipisci. Sit vel id aliquid ut. Labore totam placeat voluptatem fugiat et.</p>'),
(1092, 163, 107, '2019-04-22 10:20:57', '<p>Veritatis omnis et dicta optio aut nam. Magni totam quas eligendi maiores neque repellat molestiae nesciunt. Ut quos eos voluptatibus autem eius voluptates. Asperiores iusto veniam omnis beatae voluptatem voluptatibus dolor.</p><p>Mollitia in corporis aut molestiae ducimus pariatur ut. Officiis fugiat at temporibus iusto cumque. Cumque velit libero nesciunt porro.</p>'),
(1093, 164, 89, '2019-04-06 00:22:13', '<p>Minus eligendi consequatur sit assumenda qui sint quia. Molestias et neque dolor exercitationem reprehenderit aut.</p><p>Cumque sequi non quisquam ullam et qui ut quo. Atque eligendi nihil ullam vel incidunt et tenetur. Molestiae reprehenderit officiis quis neque. Voluptatem necessitatibus ut tenetur dolore.</p>'),
(1094, 164, 108, '2019-03-23 06:31:50', '<p>Maxime voluptatem laudantium voluptatem nulla ut. Ut deserunt asperiores et blanditiis in odio. Iure sunt facere molestiae.</p><p>Reprehenderit voluptatum fugit nesciunt velit est quia est culpa. Nihil aut recusandae accusantium enim dignissimos nihil. Quae eius veniam debitis iure alias et.</p>'),
(1095, 164, 109, '2019-04-23 15:00:15', '<p>Itaque ex ipsam sunt sed laudantium ut cupiditate ratione. Voluptates tempora qui aut in et blanditiis tempora. Distinctio dolores quos iusto qui dolore repellendus.</p><p>Sit veniam dignissimos at et non. Perspiciatis omnis ullam magnam rerum reprehenderit voluptatem quia.</p>'),
(1096, 164, 93, '2019-04-12 15:15:03', '<p>Adipisci odio quidem commodi quidem velit mollitia aut. Error tenetur quasi vero optio cumque ratione quisquam. Consequuntur nesciunt ut ut exercitationem quos.</p><p>Esse similique delectus provident asperiores optio. Perferendis molestiae voluptatum esse perspiciatis aut mollitia repudiandae alias. Ut incidunt dolorem fuga et ea.</p>'),
(1097, 164, 106, '2019-04-02 14:21:03', '<p>Natus vel culpa quo fuga tempore. Ipsa eveniet ut esse hic tempora. Vel velit esse at aut. Dignissimos quam minus impedit error earum. Non aut et magnam repellat.</p><p>Magnam dolores saepe quia dicta error. Voluptate et sunt enim dicta qui impedit.</p>'),
(1098, 164, 92, '2019-04-21 10:33:00', '<p>Modi eligendi dolorem distinctio enim voluptas culpa ex. Quia minima veniam dolor nihil sequi. Et quasi deleniti saepe repellat.</p><p>Rem neque sint laboriosam deleniti. Ex a eaque assumenda nesciunt iure aut non in. Voluptatem quia impedit excepturi non adipisci.</p>'),
(1099, 164, 93, '2019-04-19 20:14:32', '<p>Quae quia sint eaque cum minima. Enim nisi quia neque laborum deleniti sunt ut. Est aspernatur harum voluptas consequatur.</p><p>Odit ullam non accusantium voluptatem. Laborum ratione voluptatum ea ex iure delectus similique velit. Occaecati quasi veniam est natus tempora ullam. Odio eveniet rerum voluptas enim harum numquam.</p>'),
(1100, 164, 99, '2019-03-22 23:30:04', '<p>Nobis aut iste cumque asperiores necessitatibus commodi. Enim illum numquam sed quidem suscipit commodi.</p><p>Explicabo ducimus molestiae quia corrupti et. Voluptatum qui temporibus autem quis aut provident neque. Quia hic ad autem recusandae debitis ab.</p>'),
(1101, 165, 89, '2019-04-29 18:19:17', '<p>Repudiandae hic et omnis recusandae voluptas fuga eum quo. Est quod sit accusamus cupiditate libero accusantium totam. Eligendi dignissimos esse officia voluptas nostrum illum facilis.</p><p>Autem officia eius eligendi velit sed veritatis at facilis. Commodi quia voluptas velit corporis maiores magnam doloremque modi.</p>'),
(1102, 165, 96, '2019-04-18 22:45:55', '<p>Possimus vero esse sunt maxime eum et qui. Fuga dolorem qui culpa veniam dolorem dolores. Quidem excepturi assumenda vero accusamus assumenda sed non tempore.</p><p>Rerum autem molestiae recusandae ipsa et optio nihil. Sed aspernatur consequatur sapiente. Expedita assumenda est rerum et impedit libero. Ex eum quia nostrum voluptas reprehenderit eos aliquid.</p>'),
(1103, 165, 98, '2019-04-23 16:11:41', '<p>Aut praesentium voluptas cumque in cum. Quas delectus quos et et occaecati. In unde fugiat earum hic. Maiores sapiente incidunt aut ut.</p><p>Eligendi qui minus et. Mollitia nobis dolorum est nostrum sit esse ea ut. Rerum in unde excepturi fugiat maiores excepturi nostrum. Quo nihil id ut impedit cum omnis veniam.</p>'),
(1104, 165, 109, '2019-04-30 22:21:32', '<p>Earum suscipit ut iste harum et quia. Corporis ab dolore autem rem. Nostrum corporis asperiores et. Omnis cumque porro cum qui consequatur sequi repellat.</p><p>Iste incidunt non ullam veritatis id impedit dignissimos. Aut reprehenderit maiores velit aut. Quidem non quia illum et molestiae vel maxime. Nihil voluptatem vitae molestiae. Quis qui aut quam in fugit.</p>'),
(1105, 165, 99, '2019-04-21 04:38:19', '<p>Odio error adipisci est. Voluptatum aut ad quidem ex quasi. Iure non modi consequatur culpa quibusdam in voluptatem impedit. Reprehenderit sunt amet neque vero.</p><p>Doloribus in aut omnis aut quo. Possimus ut ea maxime eius est quia. Aut magnam officiis et libero. Beatae labore quae neque. Aliquid tempore ut harum officiis consequatur.</p>'),
(1106, 165, 97, '2019-04-29 15:17:42', '<p>Cupiditate et aut eius quod. Quasi non distinctio vero ullam quia ut impedit. Perferendis repellendus impedit explicabo atque tempore.</p><p>Incidunt qui quas et vel culpa. Est voluptas accusamus omnis eos consequatur consequatur. Tempore molestiae similique nesciunt omnis ipsam mollitia qui. Aut reiciendis reiciendis magnam qui ut voluptatibus aut.</p>'),
(1107, 165, 99, '2019-05-02 02:56:09', '<p>Eum deserunt atque et dolore aut. Deleniti optio aut explicabo ut libero dolore et. Necessitatibus eos quas aliquid nihil explicabo in quasi quaerat. Beatae non repellendus totam molestias fugiat error doloribus. Accusantium placeat maiores qui voluptate et.</p><p>Voluptas voluptates illum quidem mollitia dicta ea cupiditate. Explicabo modi enim non earum. Praesentium sunt harum quidem a quam consequatur. Iure mollitia inventore aperiam non.</p>'),
(1108, 166, 101, '2019-04-12 13:37:50', '<p>Beatae eaque deserunt deserunt libero sed et nihil. Maxime ipsa quidem sequi eos maiores eaque numquam.</p><p>Odio dolores praesentium qui voluptas. Aut enim eum quidem iusto magni et vel. Occaecati cupiditate beatae at veritatis quidem aspernatur. Qui eius id aut sint possimus quod.</p>'),
(1109, 166, 91, '2019-04-06 16:54:34', '<p>Aut harum eum earum ullam tempora qui aspernatur. Qui consequatur laboriosam officia vel temporibus qui.</p><p>Quis aliquid maxime quod at modi. Et assumenda molestias minima quia. Tempora ducimus praesentium sit at enim in.</p>'),
(1110, 166, 96, '2019-04-07 20:53:45', '<p>Est ea occaecati rerum autem vero. Nulla quia accusantium architecto velit. Quia voluptatem est ea voluptatem. Voluptas corporis nisi est nisi.</p><p>Quas eveniet cupiditate esse quo. Adipisci deleniti facilis totam odio. Deserunt necessitatibus molestiae suscipit minima doloremque.</p>'),
(1111, 166, 106, '2019-04-14 04:13:14', '<p>Molestiae et assumenda mollitia excepturi ex animi. Aut suscipit cum rem magni deserunt sed non. Sit ratione corporis consectetur culpa.</p><p>Hic corrupti nulla inventore deserunt reiciendis neque velit. Eum et optio est esse omnis unde. Ut est sequi porro quae officiis minima. Est nostrum fugit sed et doloremque ab eum voluptatibus.</p>'),
(1112, 166, 97, '2019-04-09 02:03:02', '<p>Non occaecati quia suscipit eaque dolor eum qui. Iste qui cum impedit quia consequatur soluta. Nisi itaque sit autem quae illum est omnis iste. Ratione adipisci dolores enim aut est.</p><p>Repellendus voluptatibus et qui placeat. Exercitationem doloribus aut reprehenderit ut id id. Mollitia et at quos aut quia provident veniam.</p>'),
(1113, 166, 93, '2019-04-20 13:54:01', '<p>Ad quidem quae veritatis saepe et pariatur. Debitis vitae in praesentium ea natus dolore impedit. Iure sequi quas facere quia dolorem cum exercitationem.</p><p>Ad ut cupiditate voluptatem facilis a pariatur placeat et. Aperiam et quod illo quis vel aspernatur culpa. Quia enim velit inventore et. Animi ipsum eius sit qui.</p>'),
(1114, 166, 101, '2019-04-24 14:12:04', '<p>Iure suscipit commodi dolorum nam repudiandae aliquam. Id quia rerum corrupti omnis.</p><p>Officiis impedit fuga mollitia cumque. Rerum dignissimos eaque est assumenda vitae perspiciatis cum. Quod rerum et dolores facere ratione. Ducimus molestiae sed officiis voluptate.</p>'),
(1115, 167, 107, '2019-04-26 06:47:08', '<p>Repellat laborum ipsa maxime et consectetur accusamus sed laborum. Et asperiores enim voluptas et expedita saepe. Laborum ex voluptatem magni est omnis. Vel molestiae ipsa ipsum vel.</p><p>Beatae eum illum qui est dolores tempora rerum. Laudantium deleniti illo omnis laudantium beatae sunt est qui. Voluptas quo odio sed sequi id enim neque mollitia. Eum vero similique dicta assumenda.</p>');
INSERT INTO `comment` (`id`, `question_id`, `user_id`, `date`, `content`) VALUES
(1116, 167, 95, '2019-04-26 17:07:30', '<p>Voluptas atque dolorum aut quia. Reprehenderit molestias assumenda in rerum. Occaecati consequatur debitis quas eveniet sit.</p><p>Reprehenderit doloribus at hic. Quisquam tempore voluptatem sunt eos. Suscipit aliquid enim in nulla voluptas minus. Et enim odio laudantium. Veritatis ullam doloremque incidunt et inventore.</p>'),
(1117, 167, 96, '2019-05-05 08:14:47', '<p>Enim molestias sit quia voluptatum. Vero fugit ratione omnis voluptatibus vel libero. Est rem adipisci facere distinctio odio deserunt.</p><p>Earum ut repellat consequuntur consequatur nulla accusantium. Accusamus quis quibusdam provident voluptas et vero incidunt. Enim aperiam accusantium molestiae in enim nihil.</p>'),
(1118, 167, 107, '2019-04-26 19:36:00', '<p>Aut beatae accusamus illum dolorum id. Quibusdam ut quisquam qui nobis ut ratione.</p><p>Nostrum hic iste eum fuga tempora perferendis. Molestiae magni ipsa fugit nam impedit. Qui recusandae provident minus iusto veniam illum illum. Magnam nesciunt hic repudiandae ipsa aut dicta.</p>'),
(1119, 167, 98, '2019-05-06 14:27:42', '<p>Quisquam at et quod et non. Error esse qui dolor inventore culpa et. Ullam placeat nisi dolorem quisquam.</p><p>Error occaecati eum incidunt et nesciunt laborum a. Reprehenderit enim sint nihil inventore consequatur. Rem ut dolorum quia consequuntur repellat possimus.</p>'),
(1120, 167, 101, '2019-04-30 20:45:29', '<p>Beatae ipsum est cum aspernatur. Id enim temporibus non doloremque facilis et expedita. Fuga ad tempore temporibus nihil recusandae nulla.</p><p>Consequatur eaque dolorum pariatur molestiae aut. Qui libero in consequatur iure. Veritatis voluptatibus qui sapiente aut maxime sit asperiores.</p>'),
(1121, 168, 107, '2019-05-04 12:05:41', '<p>Repellendus et officiis ea veniam doloribus est. Quisquam dolorum veniam labore atque. Quas ipsum blanditiis unde accusantium. Repellat voluptatem voluptate temporibus officiis distinctio.</p><p>Repellendus voluptate est sed aut molestiae. Quis fugiat reprehenderit et omnis ex.</p>'),
(1122, 168, 106, '2019-04-12 07:50:44', '<p>Ut qui impedit dolores temporibus. Qui aliquid est quia pariatur consequatur rerum. Et eligendi molestiae unde neque dicta et a.</p><p>Mollitia exercitationem laborum sunt nihil. Corporis possimus velit quaerat quia repellat ut magnam dignissimos. Quod necessitatibus vel omnis autem temporibus voluptas et labore. Voluptates expedita suscipit dolores fuga voluptas.</p>'),
(1123, 168, 93, '2019-04-21 20:50:19', '<p>Rerum sunt molestias veniam esse nemo odit. Atque iste veniam dicta magnam ipsa qui. Nam incidunt tenetur nihil iure rerum non nam. Tenetur nobis aliquid hic. Est quas vel ad reiciendis excepturi.</p><p>Similique soluta eligendi sed ullam et eligendi consequatur. Corporis dolor sed sit earum fugit. Odit consequatur ea qui magnam dignissimos reprehenderit. Corporis eos laudantium quasi incidunt.</p>'),
(1124, 168, 99, '2019-04-27 21:31:22', '<p>Cum cupiditate accusantium omnis sunt nostrum nisi rem. Voluptate voluptatum accusamus voluptates dicta. Et culpa at earum.</p><p>Harum amet nulla eos minima. Est rerum voluptatibus accusamus. Soluta eos velit ex aut.</p>'),
(1125, 168, 102, '2019-04-27 15:20:50', '<p>Ea nesciunt illo autem adipisci cupiditate rerum modi. Voluptatem et quia corporis eius ut aliquid vel saepe. Ea est voluptate aspernatur nam rerum. Molestias blanditiis voluptas vel asperiores neque et.</p><p>Consequuntur cupiditate commodi et officia sint. Sint dolorem cumque non alias quia repellat quis. Voluptas quaerat qui alias et sint qui consequatur. Rerum illum atque et nemo autem. Ratione dignissimos explicabo tempora aut eveniet voluptates neque vero.</p>'),
(1126, 168, 93, '2019-04-14 20:29:27', '<p>In et sequi sequi nisi inventore explicabo eos repudiandae. Adipisci sint qui eum.</p><p>Repellendus rem aut illum sint qui libero. Minima atque quia ut. Excepturi aut porro tempora et quaerat.</p>'),
(1127, 169, 105, '2019-04-17 09:41:38', '<p>Sit reprehenderit ipsa natus eligendi sed ipsa recusandae eligendi. Incidunt molestiae est facilis ratione. Voluptatem fugit eaque atque deserunt.</p><p>Ad aut dolorem pariatur dolores temporibus. Magnam non libero eos fugiat. Quae et dolore et unde.</p>'),
(1128, 169, 99, '2019-04-25 14:34:37', '<p>At omnis qui neque voluptatum non fuga aut. Voluptas sequi est ab quibusdam ad. Sed quisquam optio voluptatem quia deserunt temporibus hic. Odio ipsum est nam illo. Veritatis et esse adipisci magni recusandae illo.</p><p>Vel incidunt saepe sequi veniam voluptatem aut delectus. Odio eaque ipsa perferendis ipsam voluptas quia minima. Ut sequi rerum neque non.</p>'),
(1129, 169, 91, '2019-04-02 13:56:10', '<p>Quo atque saepe nulla odit odio sed similique facere. Ipsam dolor eum id soluta id et.</p><p>Et delectus excepturi aliquid non eum. Consequatur odit voluptatem libero dolores. Hic fuga odit ut porro officia soluta. Velit sed qui necessitatibus et totam qui.</p>'),
(1130, 169, 91, '2019-03-26 18:51:07', '<p>Perferendis eum modi qui et exercitationem molestiae. Rerum quis assumenda dolorem nemo. Nobis fugit repellat dolor eveniet autem et. Vel aut omnis non et.</p><p>Fugiat iste eaque optio sed rerum quidem. Voluptatibus repellendus molestiae inventore animi soluta animi omnis. Tenetur in eos vitae quod ducimus qui.</p>'),
(1131, 169, 109, '2019-05-01 04:02:05', '<p>Sed veritatis blanditiis quod blanditiis nihil et eveniet quia. Saepe eius natus dolor quisquam assumenda cum harum. Aperiam velit maiores repudiandae dolorum beatae.</p><p>Corrupti harum est doloribus optio expedita molestiae. Aperiam veritatis nam aut vero et debitis. Minus sit eos velit architecto laboriosam eum et.</p>'),
(1132, 169, 94, '2019-04-25 05:08:14', '<p>Nostrum sit aliquam maxime aspernatur aut ut qui veritatis. Officiis dolorum nihil quod placeat dolor impedit quos natus. Consequuntur eos nihil sunt asperiores autem similique exercitationem quaerat.</p><p>Amet molestiae aut rerum vel aut. Sed velit animi corrupti molestiae eum sit.</p>'),
(1133, 169, 105, '2019-04-03 23:43:30', '<p>Cupiditate quo qui quod quae quis modi ipsam. Vel non culpa ipsam sunt error. Nostrum officiis qui dolorem. Fuga exercitationem dicta voluptates eaque voluptatum reprehenderit possimus. Occaecati alias eum sequi corrupti.</p><p>Repudiandae maxime explicabo unde ea nostrum. Velit dolorum quidem et ducimus saepe voluptatem aut. Necessitatibus quo fugit ut asperiores excepturi ut ipsa. Earum ut sed non aut nemo et sequi reprehenderit. Repellendus hic itaque sint expedita earum.</p>'),
(1134, 170, 104, '2019-04-22 02:20:52', '<p>Et qui expedita ipsum commodi ducimus qui. Incidunt laboriosam earum facilis sunt. Illum doloremque aut non laudantium non nam.</p><p>Cum praesentium esse doloribus. Laborum ipsam recusandae veritatis fugit. Facilis repellendus qui ut delectus corrupti ducimus. Consequatur temporibus placeat et laudantium. Nihil magni tempora harum aliquid eaque.</p>'),
(1135, 170, 89, '2019-04-12 20:33:46', '<p>Et molestiae consequuntur in. Quo consequatur tempore rem quos at. Incidunt eum aut voluptates excepturi cumque. Eligendi ea iste eos omnis autem iure.</p><p>Ea blanditiis nihil aliquam qui. Consequuntur veritatis sed molestiae non odit deleniti quia. Et quibusdam mollitia cum reprehenderit mollitia.</p>'),
(1136, 170, 104, '2019-04-28 05:35:35', '<p>Provident accusamus quod quos nulla quia repudiandae temporibus nostrum. Dicta earum blanditiis iste dolorum autem id eveniet. Id odit laborum dolores perspiciatis ea ut minus consectetur. Qui placeat repellat magnam voluptate.</p><p>Voluptate et sit rem eos. Quas alias rerum repellendus ipsam est eum.</p>'),
(1137, 170, 106, '2019-05-05 10:27:53', '<p>Minima aut dolore eum blanditiis error quo aut. Assumenda in quasi perferendis ipsam odit quos itaque. Ut nesciunt laudantium ut dignissimos ut non perspiciatis et. Est in incidunt sint consequatur cupiditate molestiae.</p><p>Assumenda a quo libero iure esse a est. Harum quis ad accusamus aut. Voluptatum ut id ut dolores dolorem minima totam atque. Nisi quos tempora doloribus est tempore nam dolores.</p>'),
(1138, 170, 109, '2019-04-23 02:13:18', '<p>Voluptas facere accusantium dolor quasi est ad. Facilis id aliquid facilis ipsa ut reprehenderit molestiae et. Repellat saepe tenetur aut nihil ut at qui molestias. Amet deserunt reprehenderit eius ut. Accusamus et voluptates doloribus illum ex enim.</p><p>Rerum et quia voluptas quidem aut sit. Tempora nobis et et iste rerum quam eos sit. Velit in quis sed et et. Quaerat et rem modi ipsam eaque dolorem.</p>'),
(1139, 170, 96, '2019-04-22 11:38:43', '<p>Pariatur et quas et asperiores accusamus. Ratione esse voluptas dolor omnis. Eveniet magnam ratione est sunt.</p><p>Explicabo molestiae a earum qui consequatur. Voluptas numquam consequatur et illo. Voluptates et animi et temporibus.</p>'),
(1140, 170, 97, '2019-04-14 11:26:38', '<p>Occaecati ut non eligendi dolores enim. Ut totam porro pariatur itaque quos voluptatem at. Vitae eos esse qui sint facilis voluptatum ducimus ea.</p><p>Minus vero quis libero. Autem blanditiis totam molestiae voluptatum saepe beatae. Magnam et et a exercitationem.</p>'),
(1141, 170, 98, '2019-04-13 03:20:35', '<p>Quia et voluptate ea autem eum. Et sit error est. Impedit dolores reiciendis quod. A iste totam ipsa minima.</p><p>Hic ut nostrum cum. Eius enim consequatur labore voluptatum blanditiis est laboriosam. Ipsam iste occaecati aliquid nihil corporis similique. Dicta voluptatem et perferendis voluptatibus quibusdam dolor.</p>'),
(1142, 171, 109, '2019-03-28 00:27:43', '<p>Assumenda nisi esse eveniet esse fugiat quasi. Itaque aut quos voluptatibus aliquid voluptatem nesciunt laboriosam quos. Aut dolor sit dignissimos.</p><p>Atque dicta praesentium vero qui. Ab quia consectetur ut laborum vero incidunt perferendis. Neque debitis eius libero ex provident dolor excepturi. Perferendis cumque laboriosam voluptatem aut quasi quibusdam assumenda harum. Libero dignissimos voluptas quis libero voluptatibus saepe fugit.</p>'),
(1143, 171, 101, '2019-04-09 19:52:40', '<p>Nobis nulla quis reiciendis minus qui et et. Labore adipisci fuga ipsum alias velit libero expedita expedita.</p><p>Ut placeat atque dolorum voluptatem et. Omnis nemo quos voluptatem dolores reprehenderit sed possimus. Et est officiis voluptatibus ad omnis architecto.</p>'),
(1144, 171, 96, '2019-04-02 01:01:54', '<p>Esse nulla perspiciatis dignissimos nulla laboriosam ex. Et id qui consequuntur iste aut. Perferendis qui quisquam enim asperiores magnam. Et vel exercitationem officia eum nostrum repellendus et.</p><p>Sunt vero ut animi iusto. Vitae est itaque ut minus. Distinctio quasi distinctio autem illum blanditiis atque aut. Alias est dicta et deleniti.</p>'),
(1145, 171, 96, '2019-04-25 03:49:10', '<p>Quos vel et qui fugiat quasi dolorem asperiores officiis. Enim atque quas repudiandae eos quod alias explicabo. Inventore quaerat error esse dolore voluptas et voluptatibus.</p><p>Rerum aliquid omnis facilis porro inventore libero assumenda. Et sit accusantium voluptatem ut quod qui. Eum ut quaerat saepe velit id.</p>'),
(1146, 171, 108, '2019-05-05 18:10:19', '<p>Voluptatem est in est reiciendis eum adipisci ipsa in. Non corrupti ad sit repudiandae amet officia. Odit dolore voluptate exercitationem et. Sint facere consequatur assumenda dolorem unde.</p><p>Qui delectus eveniet occaecati corrupti quis. Non deleniti maiores quas est qui dolorum. Dolores tenetur expedita eligendi commodi quod officia. Maiores ut dolor ut dolores.</p>'),
(1147, 171, 89, '2019-04-17 00:03:24', '<p>Non molestiae sint iusto eum nobis autem. Velit molestiae atque corporis ut. Atque qui possimus nesciunt molestiae officia porro veniam minus. Optio commodi dolorum perferendis et. Voluptatem ut hic officia ad velit dolores tempore.</p><p>Rem qui aspernatur aut et. Culpa nisi quos libero corporis mollitia neque ipsam. Enim facere iure cum eos.</p>'),
(1148, 171, 96, '2019-03-29 09:22:31', '<p>Aut earum ut molestiae adipisci. Qui voluptatibus qui tempore in aperiam sequi hic ipsa. Ullam ut dolore voluptas asperiores asperiores. Ea beatae soluta voluptatem assumenda suscipit reiciendis.</p><p>Iusto rem aut dolorum quo et nihil blanditiis. Voluptas earum qui in tempora eligendi qui. Adipisci id adipisci et cum rerum fuga ipsam vel.</p>'),
(1149, 171, 101, '2019-04-22 22:48:55', '<p>Quos eligendi officiis ut qui debitis porro. Totam laborum alias similique qui et.</p><p>Velit eos odit maiores rem aut eaque. Sit dolores veniam quia et. Omnis consequuntur incidunt dolores nemo quasi eligendi at.</p>'),
(1150, 172, 93, '2019-04-07 06:07:28', '<p>Eum omnis perspiciatis tempora nihil nisi dignissimos. Recusandae architecto vero deleniti rerum.</p><p>Sit eius magnam quas. Qui dolor provident veniam soluta est excepturi. Magni reiciendis et deserunt doloribus tempore.</p>'),
(1151, 172, 89, '2019-03-28 19:29:13', '<p>Praesentium velit pariatur necessitatibus quia doloremque molestiae dolor. Dolore dolorem dignissimos saepe velit et nulla veniam illo. Quo dolorem neque tempora laboriosam architecto hic culpa.</p><p>Aut reprehenderit debitis placeat. Sit sequi cupiditate est voluptas tempora magni ut necessitatibus. Illo voluptas maiores sit maiores dolore architecto. Consectetur molestias voluptates fugiat dolorem consectetur voluptas illum sed.</p>'),
(1152, 172, 103, '2019-04-21 02:27:23', '<p>Voluptas consectetur rem facilis nostrum sequi. Repellendus quisquam beatae excepturi. Quis sint voluptatem atque voluptatibus autem quia. Dolorem temporibus pariatur magnam eveniet ducimus adipisci.</p><p>Officia sit voluptas esse et dolores est. Accusamus commodi laudantium in voluptates modi minus animi maxime. Eaque eum aut eius et molestiae. Commodi pariatur eius repellendus quaerat facere deleniti quisquam.</p>'),
(1153, 172, 92, '2019-03-28 21:29:35', '<p>Totam reiciendis enim facere non quo rerum architecto. Omnis natus praesentium consequatur natus excepturi. Est fuga consequatur quia distinctio voluptatem. Et qui nesciunt amet voluptatem velit.</p><p>Sint rerum aliquid vel eaque velit dolorum. Ea voluptatem quas itaque autem. Eum distinctio amet id amet laborum. Est fuga sint ea.</p>'),
(1154, 172, 99, '2019-04-18 17:57:38', '<p>Eos praesentium aliquam sit soluta asperiores iure molestiae aut. Repudiandae explicabo odio et voluptas et. Eum quis commodi est illo provident officia rerum. Corporis consequatur deleniti aut quaerat ex quasi. Natus dignissimos quam repellendus unde.</p><p>Dolore in architecto officiis qui cumque quidem. Reprehenderit a provident et ut fugit distinctio nam.</p>'),
(1155, 172, 106, '2019-03-28 11:26:01', '<p>Voluptatibus eaque quibusdam iste et illum beatae. Aliquid autem voluptas id. Est laboriosam reprehenderit vel quas. Voluptas itaque tempora quo.</p><p>Nihil autem nihil similique est reprehenderit dicta ipsa. Deleniti voluptate quis repellat.</p>'),
(1156, 172, 90, '2019-04-30 22:00:19', '<p>Similique quidem voluptatem vitae veniam. Quaerat ratione saepe nobis explicabo magnam voluptatibus sit delectus. Et ut omnis consectetur itaque doloremque rem autem. Consequatur voluptas voluptatem id quo rerum.</p><p>Ducimus voluptas dolores blanditiis sunt facere. Dolor consequatur est enim consectetur rem amet ducimus. Nulla quisquam quasi ipsam quas nisi quo iste.</p>'),
(1157, 172, 89, '2019-05-02 09:29:59', '<p>Consequatur rerum adipisci repellat earum fugit sunt. Distinctio reiciendis accusamus numquam eligendi omnis neque velit temporibus. Ab at ab laboriosam aperiam.</p><p>Minus inventore ullam dolorem. Exercitationem eos rerum ut aperiam praesentium minima. Corrupti recusandae in dignissimos voluptas eum. Sint qui eveniet cupiditate quam.</p>'),
(1158, 173, 94, '2019-05-06 22:41:03', '<p>Magnam rerum et iure sit. In voluptates similique ullam pariatur amet. Labore natus aut corrupti illum eum eius animi. Minus dolorum nostrum voluptate nemo.</p><p>Quis ut consequuntur ratione perferendis enim quo architecto repellendus. Enim ut dolorem illo iste voluptas exercitationem. Fuga hic dolorum non reprehenderit itaque. Nisi autem facere dignissimos laborum mollitia.</p>'),
(1159, 173, 101, '2019-05-06 22:41:03', '<p>Accusantium eius voluptatem alias. Illo fuga et dolores. Minus dicta iste iure. Error quas numquam a esse laboriosam. Deleniti vel suscipit vitae explicabo possimus adipisci.</p><p>Adipisci consequatur velit qui aut et. Ad eius sed quo sed. Sit quaerat vel et beatae consequatur.</p>'),
(1160, 173, 90, '2019-05-06 22:41:03', '<p>Sit aliquid modi exercitationem. Ea natus voluptatum perferendis architecto. Consectetur magni consectetur nobis eligendi et numquam. Aut debitis perspiciatis qui omnis ea sit debitis.</p><p>Est consequatur aut eaque illo numquam ab. Possimus et aliquam est enim aut neque vitae deserunt.</p>'),
(1161, 173, 92, '2019-05-06 22:41:03', '<p>Quasi alias eaque minima facere. Totam rem mollitia laboriosam ut at vel quia. Quia amet est qui dolor excepturi et ipsa officia. Magnam est natus asperiores et id maiores. Amet nihil omnis qui vitae voluptatum blanditiis hic.</p><p>Expedita libero natus saepe. At provident optio architecto laudantium. Velit ex quae ut occaecati. Placeat veniam sit est labore non.</p>'),
(1162, 173, 91, '2019-05-06 22:41:03', '<p>Et aut repellat culpa dolorem. Dolorum dicta ipsa facere sit quidem vel quis.</p><p>A ut eos nulla esse est. Libero autem cupiditate molestiae eius recusandae. Esse ut dignissimos rem minus temporibus tenetur non. Est et voluptatum ipsam non.</p>'),
(1163, 173, 96, '2019-05-06 22:41:03', '<p>Ducimus fuga deserunt velit omnis nihil dolores. Accusantium ea id nulla ipsum quam et quia. Sit ex quod quaerat quia assumenda est.</p><p>Aut odio ut omnis facilis asperiores alias. Nulla voluptate rerum expedita corporis. Voluptatem et quaerat et expedita.</p>'),
(1164, 173, 105, '2019-05-06 22:41:03', '<p>Eligendi expedita voluptas rem. Provident fugiat fugiat quisquam corrupti. Autem voluptatem eligendi et ratione qui saepe voluptatem similique.</p><p>Quaerat aut officia nobis. Dolor ducimus placeat veritatis molestias sapiente corporis. Ad voluptatem voluptas ut aut odit doloribus.</p>'),
(1165, 174, 98, '2019-05-05 16:50:20', '<p>Sint distinctio dolorem eum officia quia nisi quia esse. Quia reprehenderit animi fugiat aut. Ipsa impedit voluptatem quo vel. Numquam non culpa recusandae facilis sint.</p><p>Ad in quis est placeat porro eos et dolorem. Et delectus cum earum est deleniti amet illo. Suscipit molestiae quam est illum non.</p>'),
(1166, 174, 103, '2019-05-05 09:03:35', '<p>Modi sunt eius commodi. Magnam cum accusamus aut et ut. Et quam dignissimos quia excepturi sunt in. Ut omnis voluptatem enim aliquid beatae molestiae.</p><p>Enim iusto ea et optio. Aut deserunt voluptatem qui ipsa quia aut sequi nulla. Esse ipsam unde sunt voluptatem ea quisquam.</p>'),
(1167, 174, 96, '2019-05-05 18:36:02', '<p>Vero voluptatem consequatur atque itaque et. Dignissimos in quis voluptatum autem corporis. Dolorem veniam illum omnis earum. Qui aliquid rerum est ut aspernatur enim fugit.</p><p>Molestiae nihil aut voluptatem veniam. Voluptates rerum sed dolores veniam. Aut officiis iusto voluptatem cupiditate est dolores voluptas dolor. Itaque vel dolorem fuga minus provident.</p>'),
(1168, 174, 91, '2019-05-05 19:38:43', '<p>Commodi soluta explicabo tenetur ut qui. Laudantium ea similique quam voluptatem voluptatem saepe. Aut non ab aut praesentium.</p><p>Magnam qui sunt fugiat temporibus praesentium magni. Sapiente quas ea soluta aut quae. Consequatur et voluptatibus at. Autem voluptatem dolorem laborum soluta omnis ut vel.</p>'),
(1169, 174, 92, '2019-05-06 17:05:01', '<p>Aut veniam nihil quasi esse. Impedit explicabo id sint repudiandae est. Fugit numquam aut ratione dolores.</p><p>Ut nesciunt quod enim. Facilis mollitia id facilis sed nostrum qui. Atque quis quia nemo quia dicta laborum quo. Animi rem vel mollitia eius maiores aperiam suscipit.</p>'),
(1170, 174, 98, '2019-05-04 17:33:14', '<p>Sunt nihil quos impedit quas vel quia non. Aperiam illum veniam est exercitationem occaecati vel. Molestiae ipsum autem sint deleniti unde quis aspernatur. Odio minima necessitatibus et quia qui consequatur esse sequi.</p><p>Est modi et nihil quaerat ut tempora. Provident quis amet provident molestiae provident optio. Voluptates eum earum itaque. Harum ea quis similique neque quisquam distinctio quibusdam distinctio.</p>'),
(1171, 174, 107, '2019-05-05 10:36:35', '<p>Aperiam mollitia est quis ut sint ut aperiam. Quia non ut natus rerum facilis est qui. Dolor et asperiores ad doloremque. Iste quia quidem occaecati nobis. Eius officia in voluptate quas id.</p><p>Recusandae accusamus dicta ut illo qui harum. Eos nesciunt esse perferendis voluptas dolores. Quo dolorem nesciunt rerum sed eaque est.</p>'),
(1172, 174, 89, '2019-05-04 08:02:48', '<p>Ut in libero ut maiores nisi. Nihil perferendis nisi cupiditate cupiditate explicabo. Non sint ut debitis sit. Pariatur consequatur provident iusto quae.</p><p>Minus ducimus quidem soluta. Et corporis qui fugit consectetur nostrum. Iure corporis non modi quod consectetur fugiat pariatur deleniti. Ut ipsam in fugiat cumque.</p>'),
(1173, 174, 96, '2019-05-06 14:11:02', '<p>Iure corporis consequatur accusantium inventore accusamus unde. Neque enim ea ea non. Quia dolorum voluptas ex et eum ea.</p><p>Est corporis ullam quasi sed sunt. Rerum qui repudiandae tempora qui. Quo velit temporibus laudantium dolore magni. Neque nobis est ut omnis nulla. Ullam veritatis sit ratione non.</p>'),
(1174, 175, 106, '2019-04-22 06:33:53', '<p>Et exercitationem sapiente tempore ratione. Sit at ex eos officiis eos illum. Modi culpa voluptate non aliquid quam praesentium cum. Molestiae voluptatibus animi esse et non culpa.</p><p>Veritatis harum consequuntur et ipsam et. Amet et assumenda molestiae illum dolorum quasi perspiciatis. Voluptas tempore numquam qui in ipsam possimus commodi dolore.</p>'),
(1175, 175, 105, '2019-04-30 04:58:22', '<p>Sit eum aut repellendus et repellendus non. Est architecto architecto porro laudantium dolor facere. Ut quod delectus itaque. Sed culpa nostrum explicabo quisquam amet.</p><p>Aspernatur aut numquam dolor ut recusandae voluptatum qui. Magni esse accusantium impedit. Repudiandae tempora eum occaecati sit. Facere eos velit consequatur omnis placeat.</p>'),
(1176, 175, 107, '2019-04-21 10:31:02', '<p>Molestiae tempore quibusdam sed deleniti consequatur. Incidunt at modi voluptates blanditiis. Aut accusantium atque reiciendis cum. Nisi voluptatem ad nihil occaecati quae accusantium eaque.</p><p>Est architecto quaerat voluptatibus molestias eius totam fugit consectetur. Sint eos facere qui voluptas cum cum aut. Qui nihil provident similique maiores error a. Qui illum aut ad sunt et est.</p>'),
(1177, 175, 90, '2019-04-11 12:00:54', '<p>Rerum dolorem perspiciatis dolores quas reprehenderit eos quis. Iure sed nesciunt exercitationem animi. Ipsum perspiciatis unde fugiat rem. Quia totam sunt quo ratione vero autem.</p><p>Atque odio placeat consequatur molestiae blanditiis omnis. In ut saepe in ut explicabo. In ut voluptas ut voluptatem. Vero laboriosam voluptas id iusto.</p>'),
(1178, 175, 99, '2019-04-01 09:24:01', '<p>Quaerat libero nihil beatae labore. Id sed eum sed facilis nulla exercitationem. Consequatur saepe in sint eos et.</p><p>Adipisci non veritatis ut voluptas possimus voluptas. Odit et exercitationem sint nesciunt et ut sed aperiam. Rerum sunt cumque recusandae aut.</p>'),
(1179, 175, 100, '2019-05-06 08:30:23', '<p>Id aspernatur dolor tenetur. Alias facere nam similique harum qui quasi voluptates. Id magni reprehenderit earum esse.</p><p>Sint ea a omnis nihil sit mollitia repellat explicabo. Eos dolores eligendi sunt ipsum qui beatae enim. Facilis iusto cumque reprehenderit fugiat aliquam. Voluptatem exercitationem laborum eligendi sint et nihil.</p>'),
(1180, 175, 109, '2019-04-11 08:35:14', '<p>Nesciunt et et dolores sequi. Facilis excepturi et nostrum et doloribus. Dolorum vel deserunt quae beatae. Sed et illo sed corporis consequatur beatae. Assumenda eligendi possimus quod iusto omnis et sed numquam.</p><p>Minima ex ut et debitis earum suscipit enim. Voluptas et ratione velit assumenda. Non facilis optio ea ipsum voluptatem enim. Quisquam ea enim sint dolores corrupti.</p>'),
(1181, 175, 89, '2019-05-06 01:09:00', '<p>Qui sit consequuntur et eius cupiditate. Mollitia dolor cupiditate similique autem. Nesciunt qui a sint provident eos est. Debitis dolorem consequuntur accusamus repellat. Provident culpa asperiores corporis inventore officiis.</p><p>Ut ex qui quos libero mollitia totam. Vitae exercitationem animi velit ex recusandae cupiditate in. Sed ut eveniet magni animi nisi perferendis explicabo quod. Accusamus velit dolor ullam ut nisi impedit.</p>'),
(1182, 176, 94, '2019-04-11 16:36:30', '<p>Ut fugiat ducimus et suscipit aut doloremque sint. Animi ut dolor dolores delectus ex distinctio earum. Praesentium dolor vitae earum ratione. Accusantium dolorum ut eveniet est cum.</p><p>Exercitationem nihil repellendus eos alias. Hic sequi eum cumque maxime temporibus rerum facere odit. Amet quia atque facere facilis incidunt nostrum corrupti.</p>'),
(1183, 176, 90, '2019-04-11 10:00:37', '<p>Et soluta non nihil ut maiores voluptas. Totam quia pariatur inventore praesentium temporibus corrupti aut. Ut impedit ducimus nihil optio doloremque qui. Et veritatis est modi assumenda minus.</p><p>Quis tempora rerum aut praesentium quibusdam consequuntur dolor voluptate. Enim similique ut esse dolor excepturi incidunt. In quisquam cupiditate veniam aut.</p>'),
(1184, 176, 98, '2019-04-26 01:23:50', '<p>Commodi accusantium ut repellendus inventore. Et molestiae ut totam doloremque.</p><p>Ut id recusandae nulla et a. Ipsa qui minus repudiandae et dicta. Nihil dolorem est laudantium.</p>'),
(1185, 176, 96, '2019-04-30 03:33:50', '<p>Dolores ratione consequatur aut ut facilis at dolorem illum. Repudiandae nobis in quisquam sit ut. Dolores architecto totam id numquam soluta. Harum placeat odit minus vel.</p><p>Quam harum praesentium vitae assumenda ut sed et. Et quia et voluptatem consequatur non. Amet omnis molestiae molestiae ex. Delectus numquam ut suscipit vel exercitationem.</p>'),
(1186, 176, 91, '2019-04-18 10:23:03', '<p>Delectus dolor asperiores impedit nemo odio asperiores. Consectetur hic deserunt modi natus. Alias et itaque sequi eligendi. Accusantium et iusto nam vel facilis enim consequatur in.</p><p>Quos cumque ut cumque et. Praesentium veniam asperiores unde et amet. Nisi autem totam dolor qui nostrum. Ut autem repudiandae aspernatur voluptatem natus consectetur.</p>'),
(1187, 176, 92, '2019-04-19 07:50:23', '<p>In temporibus magnam commodi praesentium voluptas voluptates vel. Aut culpa accusantium quis sint molestiae quam alias. Possimus dicta unde consequatur facere autem est architecto. Qui voluptatem ea numquam est ab pariatur reprehenderit.</p><p>Eum repellendus accusantium sequi qui quam atque blanditiis. Totam delectus asperiores est est molestiae rerum facere labore. Explicabo nihil eum quis voluptas est excepturi recusandae. Cumque qui aut velit voluptatum nisi soluta nam. Aperiam mollitia recusandae non.</p>'),
(1188, 176, 99, '2019-04-11 18:44:54', '<p>Sit quo temporibus voluptate debitis sint voluptatibus doloribus. Eum suscipit iste vero et commodi harum quod. Quia qui vitae quisquam occaecati id non fugiat. Temporibus optio maxime autem laudantium suscipit ducimus.</p><p>Nemo eligendi voluptatem odio. Dolorum nulla nemo ea repudiandae in similique. Et atque occaecati quo facilis itaque hic in. Possimus illo eos et impedit sint numquam id voluptate.</p>'),
(1189, 177, 89, '2019-05-06 22:43:27', 'Salut'),
(1190, 149, 89, '2019-05-07 02:56:43', 'r'),
(1191, 149, 89, '2019-05-07 16:11:24', 'jhgjhgjhg'),
(1192, 149, 89, '2019-05-07 16:46:37', 'jhgjhgjhg'),
(1193, 149, 89, '2019-05-07 16:47:00', 'hgkjhkjhlkjmlmkmlùml'),
(1194, 149, 89, '2019-05-07 16:48:24', 'hello my name is Yan'),
(1195, 149, 89, '2019-05-07 16:49:13', 'hello my name is still Yan');

-- --------------------------------------------------------

--
-- Structure de la table `comment_like`
--

DROP TABLE IF EXISTS `comment_like`;
CREATE TABLE IF NOT EXISTS `comment_like` (
  `id` int(11) NOT NULL AUTO_INCREMENT,
  `comment_id` int(11) DEFAULT NULL,
  `user_id` int(11) DEFAULT NULL,
  PRIMARY KEY (`id`),
  KEY `IDX_8A55E25FF8697D13` (`comment_id`),
  KEY `IDX_8A55E25FA76ED395` (`user_id`)
) ENGINE=InnoDB AUTO_INCREMENT=3019 DEFAULT CHARSET=utf8mb4 COLLATE=utf8mb4_unicode_ci;

--
-- Déchargement des données de la table `comment_like`
--

INSERT INTO `comment_like` (`id`, `comment_id`, `user_id`) VALUES
(2221, 983, 90),
(2222, 984, 103),
(2223, 984, 109),
(2224, 985, 89),
(2225, 985, 96),
(2226, 986, 102),
(2227, 986, 105),
(2228, 986, 103),
(2229, 987, 108),
(2230, 987, 102),
(2231, 987, 96),
(2232, 988, 89),
(2233, 988, 90),
(2234, 988, 94),
(2235, 988, 95),
(2236, 988, 101),
(2237, 988, 106),
(2238, 989, 103),
(2239, 989, 92),
(2240, 989, 92),
(2242, 989, 93),
(2243, 989, 104),
(2244, 989, 109),
(2245, 990, 108),
(2246, 990, 92),
(2247, 990, 94),
(2248, 991, 96),
(2249, 991, 99),
(2250, 991, 106),
(2251, 992, 107),
(2252, 992, 92),
(2253, 992, 109),
(2254, 993, 98),
(2255, 994, 103),
(2256, 994, 97),
(2257, 994, 90),
(2258, 994, 98),
(2259, 994, 101),
(2260, 995, 101),
(2261, 995, 107),
(2262, 995, 106),
(2263, 995, 93),
(2264, 996, 99),
(2265, 996, 108),
(2266, 996, 95),
(2267, 997, 96),
(2268, 997, 105),
(2269, 997, 101),
(2270, 997, 94),
(2271, 997, 103),
(2272, 998, 107),
(2273, 999, 92),
(2274, 999, 99),
(2275, 999, 109),
(2276, 999, 99),
(2277, 999, 99),
(2278, 1000, 90),
(2279, 1001, 97),
(2280, 1001, 109),
(2281, 1002, 104),
(2282, 1002, 97),
(2283, 1002, 108),
(2284, 1002, 99),
(2285, 1002, 102),
(2286, 1003, 104),
(2287, 1003, 98),
(2288, 1003, 102),
(2289, 1004, 97),
(2290, 1004, 99),
(2291, 1004, 92),
(2292, 1005, 108),
(2293, 1005, 107),
(2294, 1006, 103),
(2295, 1007, 98),
(2296, 1007, 89),
(2297, 1007, 96),
(2298, 1007, 96),
(2299, 1007, 101),
(2300, 1007, 89),
(2301, 1008, 97),
(2302, 1008, 105),
(2303, 1008, 109),
(2304, 1008, 91),
(2305, 1009, 89),
(2306, 1009, 103),
(2307, 1009, 90),
(2308, 1009, 99),
(2309, 1010, 90),
(2310, 1010, 99),
(2311, 1010, 98),
(2312, 1010, 107),
(2313, 1011, 91),
(2314, 1011, 89),
(2315, 1011, 93),
(2316, 1011, 91),
(2317, 1011, 102),
(2318, 1012, 109),
(2319, 1012, 103),
(2320, 1012, 101),
(2321, 1012, 105),
(2322, 1012, 97),
(2323, 1012, 98),
(2324, 1012, 90),
(2325, 1013, 98),
(2326, 1013, 94),
(2327, 1013, 95),
(2328, 1013, 98),
(2329, 1013, 98),
(2330, 1014, 92),
(2331, 1015, 92),
(2332, 1015, 99),
(2333, 1015, 106),
(2334, 1015, 91),
(2335, 1015, 105),
(2336, 1016, 106),
(2337, 1016, 96),
(2338, 1016, 95),
(2339, 1016, 100),
(2340, 1017, 97),
(2341, 1017, 102),
(2342, 1017, 90),
(2343, 1017, 93),
(2344, 1017, 95),
(2345, 1017, 100),
(2346, 1018, 107),
(2347, 1018, 90),
(2348, 1019, 100),
(2349, 1019, 99),
(2350, 1019, 103),
(2351, 1020, 93),
(2352, 1020, 106),
(2353, 1020, 106),
(2354, 1021, 102),
(2355, 1021, 100),
(2356, 1022, 109),
(2357, 1022, 91),
(2358, 1023, 108),
(2359, 1023, 106),
(2360, 1023, 109),
(2361, 1023, 97),
(2362, 1023, 99),
(2363, 1023, 101),
(2364, 1024, 96),
(2365, 1024, 96),
(2366, 1025, 106),
(2367, 1025, 107),
(2368, 1025, 106),
(2369, 1025, 99),
(2370, 1025, 104),
(2371, 1025, 96),
(2372, 1025, 109),
(2373, 1025, 97),
(2374, 1026, 109),
(2375, 1026, 105),
(2376, 1026, 96),
(2377, 1027, 96),
(2378, 1027, 92),
(2379, 1027, 93),
(2380, 1027, 104),
(2381, 1028, 95),
(2382, 1028, 95),
(2383, 1028, 102),
(2384, 1028, 89),
(2385, 1029, 90),
(2386, 1029, 95),
(2387, 1029, 104),
(2388, 1029, 104),
(2389, 1029, 90),
(2390, 1029, 99),
(2391, 1030, 104),
(2392, 1030, 100),
(2393, 1031, 90),
(2394, 1031, 89),
(2395, 1031, 94),
(2396, 1032, 107),
(2397, 1032, 95),
(2398, 1033, 92),
(2399, 1033, 94),
(2400, 1033, 96),
(2401, 1033, 94),
(2402, 1033, 93),
(2403, 1033, 92),
(2404, 1033, 104),
(2405, 1034, 89),
(2406, 1034, 91),
(2407, 1034, 97),
(2408, 1034, 96),
(2409, 1034, 107),
(2410, 1035, 95),
(2411, 1035, 106),
(2412, 1036, 91),
(2413, 1036, 93),
(2414, 1036, 108),
(2415, 1036, 91),
(2416, 1037, 109),
(2417, 1037, 104),
(2418, 1038, 96),
(2419, 1038, 101),
(2420, 1038, 94),
(2421, 1039, 99),
(2422, 1039, 101),
(2423, 1040, 91),
(2424, 1040, 109),
(2425, 1041, 103),
(2426, 1041, 101),
(2427, 1041, 94),
(2428, 1041, 98),
(2429, 1041, 103),
(2430, 1042, 101),
(2431, 1042, 108),
(2432, 1042, 101),
(2433, 1042, 93),
(2434, 1042, 97),
(2435, 1042, 105),
(2436, 1042, 104),
(2437, 1043, 104),
(2438, 1043, 98),
(2439, 1043, 107),
(2440, 1043, 105),
(2441, 1043, 89),
(2442, 1043, 96),
(2443, 1044, 103),
(2444, 1044, 93),
(2445, 1044, 92),
(2446, 1044, 93),
(2447, 1044, 99),
(2448, 1044, 99),
(2449, 1045, 100),
(2450, 1045, 106),
(2451, 1045, 94),
(2452, 1046, 96),
(2453, 1046, 98),
(2454, 1046, 94),
(2455, 1046, 108),
(2456, 1046, 89),
(2457, 1047, 106),
(2458, 1047, 105),
(2459, 1048, 101),
(2460, 1048, 108),
(2461, 1048, 101),
(2462, 1048, 104),
(2463, 1048, 94),
(2464, 1048, 100),
(2465, 1048, 95),
(2466, 1048, 93),
(2467, 1049, 109),
(2468, 1049, 108),
(2469, 1049, 97),
(2470, 1049, 104),
(2471, 1049, 91),
(2472, 1049, 98),
(2473, 1050, 93),
(2474, 1050, 97),
(2475, 1050, 107),
(2476, 1051, 91),
(2477, 1051, 105),
(2478, 1051, 105),
(2479, 1051, 109),
(2480, 1051, 89),
(2481, 1052, 97),
(2482, 1052, 108),
(2483, 1053, 99),
(2484, 1053, 96),
(2485, 1053, 106),
(2486, 1053, 108),
(2487, 1053, 108),
(2488, 1054, 102),
(2489, 1054, 99),
(2490, 1055, 95),
(2491, 1055, 98),
(2492, 1055, 95),
(2493, 1056, 108),
(2494, 1056, 89),
(2495, 1056, 90),
(2496, 1056, 98),
(2497, 1057, 97),
(2498, 1057, 106),
(2499, 1057, 90),
(2500, 1058, 98),
(2501, 1058, 92),
(2502, 1059, 96),
(2503, 1059, 105),
(2504, 1059, 99),
(2505, 1059, 95),
(2506, 1059, 93),
(2507, 1059, 104),
(2508, 1060, 101),
(2509, 1060, 90),
(2510, 1060, 99),
(2511, 1060, 95),
(2512, 1060, 109),
(2513, 1060, 107),
(2514, 1061, 101),
(2515, 1061, 101),
(2516, 1061, 105),
(2517, 1061, 96),
(2518, 1061, 97),
(2519, 1061, 100),
(2520, 1061, 102),
(2521, 1062, 92),
(2522, 1062, 97),
(2523, 1062, 91),
(2524, 1062, 103),
(2525, 1063, 94),
(2526, 1063, 96),
(2527, 1064, 98),
(2528, 1064, 107),
(2529, 1065, 98),
(2530, 1065, 101),
(2531, 1065, 91),
(2532, 1065, 108),
(2533, 1065, 104),
(2534, 1065, 101),
(2535, 1065, 101),
(2536, 1065, 98),
(2537, 1066, 95),
(2538, 1067, 89),
(2539, 1067, 109),
(2540, 1067, 100),
(2541, 1067, 98),
(2542, 1068, 93),
(2543, 1068, 93),
(2544, 1068, 100),
(2545, 1068, 95),
(2546, 1068, 99),
(2547, 1068, 90),
(2548, 1068, 95),
(2549, 1069, 109),
(2550, 1069, 94),
(2551, 1069, 104),
(2552, 1069, 96),
(2553, 1069, 105),
(2554, 1069, 99),
(2555, 1069, 91),
(2556, 1070, 95),
(2557, 1070, 101),
(2558, 1070, 105),
(2559, 1070, 90),
(2560, 1070, 108),
(2561, 1071, 104),
(2562, 1071, 106),
(2563, 1071, 95),
(2564, 1072, 92),
(2565, 1072, 91),
(2566, 1072, 106),
(2567, 1073, 96),
(2568, 1073, 106),
(2569, 1073, 105),
(2570, 1074, 102),
(2571, 1074, 102),
(2572, 1074, 109),
(2573, 1074, 101),
(2574, 1075, 91),
(2575, 1075, 89),
(2576, 1075, 103),
(2577, 1075, 89),
(2578, 1075, 107),
(2579, 1075, 93),
(2580, 1076, 105),
(2581, 1076, 98),
(2582, 1076, 101),
(2583, 1077, 106),
(2584, 1077, 94),
(2585, 1078, 107),
(2586, 1078, 93),
(2587, 1078, 94),
(2588, 1078, 106),
(2589, 1078, 101),
(2590, 1078, 91),
(2591, 1079, 90),
(2592, 1079, 89),
(2593, 1079, 104),
(2594, 1080, 100),
(2595, 1080, 104),
(2596, 1080, 93),
(2597, 1080, 98),
(2598, 1081, 103),
(2599, 1081, 93),
(2600, 1081, 96),
(2601, 1082, 101),
(2602, 1082, 89),
(2603, 1082, 96),
(2604, 1083, 102),
(2605, 1083, 103),
(2606, 1083, 99),
(2607, 1084, 104),
(2608, 1084, 108),
(2609, 1085, 96),
(2610, 1085, 103),
(2611, 1086, 97),
(2612, 1086, 96),
(2613, 1087, 97),
(2614, 1087, 101),
(2615, 1088, 91),
(2616, 1089, 109),
(2617, 1089, 106),
(2618, 1089, 99),
(2619, 1089, 105),
(2620, 1089, 90),
(2621, 1090, 108),
(2622, 1090, 90),
(2623, 1090, 108),
(2624, 1090, 89),
(2625, 1090, 98),
(2626, 1090, 106),
(2627, 1091, 90),
(2628, 1091, 105),
(2629, 1091, 95),
(2630, 1091, 109),
(2631, 1092, 104),
(2632, 1093, 102),
(2633, 1093, 90),
(2634, 1093, 109),
(2635, 1094, 103),
(2636, 1094, 93),
(2637, 1095, 96),
(2638, 1095, 97),
(2639, 1095, 106),
(2640, 1095, 106),
(2641, 1095, 108),
(2642, 1095, 103),
(2643, 1096, 107),
(2644, 1096, 99),
(2645, 1096, 99),
(2646, 1096, 108),
(2647, 1097, 104),
(2648, 1097, 97),
(2649, 1097, 97),
(2650, 1098, 90),
(2651, 1098, 98),
(2652, 1098, 109),
(2653, 1098, 100),
(2654, 1099, 93),
(2655, 1099, 109),
(2656, 1099, 104),
(2657, 1099, 89),
(2658, 1099, 103),
(2659, 1100, 101),
(2660, 1100, 95),
(2661, 1100, 106),
(2662, 1100, 105),
(2663, 1100, 99),
(2664, 1100, 99),
(2665, 1100, 109),
(2666, 1100, 98),
(2667, 1101, 100),
(2668, 1101, 106),
(2669, 1101, 93),
(2670, 1101, 93),
(2671, 1102, 107),
(2672, 1102, 93),
(2673, 1103, 99),
(2674, 1103, 96),
(2675, 1103, 89),
(2676, 1103, 97),
(2677, 1103, 99),
(2678, 1104, 103),
(2679, 1104, 96),
(2680, 1104, 101),
(2681, 1105, 96),
(2682, 1105, 106),
(2683, 1105, 91),
(2684, 1105, 109),
(2685, 1105, 103),
(2686, 1105, 98),
(2687, 1105, 93),
(2688, 1106, 108),
(2689, 1106, 109),
(2690, 1106, 102),
(2691, 1106, 89),
(2692, 1106, 107),
(2693, 1106, 109),
(2694, 1106, 106),
(2695, 1106, 94),
(2696, 1107, 104),
(2697, 1108, 108),
(2698, 1108, 106),
(2699, 1108, 89),
(2700, 1108, 104),
(2701, 1109, 101),
(2702, 1109, 108),
(2703, 1109, 98),
(2704, 1109, 105),
(2705, 1110, 102),
(2706, 1110, 91),
(2707, 1110, 90),
(2708, 1111, 105),
(2709, 1111, 101),
(2710, 1111, 103),
(2711, 1111, 99),
(2712, 1111, 92),
(2713, 1112, 99),
(2714, 1112, 95),
(2715, 1112, 93),
(2716, 1112, 107),
(2717, 1112, 109),
(2718, 1113, 102),
(2719, 1113, 97),
(2720, 1113, 103),
(2721, 1113, 107),
(2722, 1113, 103),
(2723, 1113, 109),
(2724, 1113, 92),
(2725, 1114, 93),
(2726, 1114, 90),
(2727, 1114, 100),
(2728, 1114, 101),
(2729, 1114, 99),
(2730, 1114, 95),
(2731, 1114, 97),
(2732, 1115, 100),
(2733, 1115, 90),
(2734, 1115, 104),
(2735, 1116, 100),
(2736, 1116, 105),
(2737, 1116, 102),
(2738, 1117, 109),
(2739, 1117, 108),
(2740, 1117, 93),
(2741, 1117, 107),
(2742, 1117, 107),
(2743, 1117, 103),
(2744, 1118, 94),
(2745, 1118, 94),
(2746, 1118, 95),
(2747, 1118, 91),
(2748, 1118, 91),
(2749, 1118, 107),
(2750, 1118, 103),
(2751, 1119, 102),
(2752, 1119, 105),
(2753, 1119, 91),
(2754, 1120, 94),
(2755, 1120, 103),
(2756, 1121, 95),
(2757, 1121, 92),
(2758, 1121, 101),
(2759, 1121, 98),
(2760, 1122, 98),
(2761, 1122, 99),
(2762, 1122, 104),
(2763, 1123, 89),
(2764, 1123, 95),
(2765, 1123, 93),
(2766, 1123, 104),
(2767, 1124, 97),
(2768, 1124, 107),
(2769, 1124, 100),
(2770, 1124, 99),
(2771, 1125, 106),
(2772, 1125, 107),
(2773, 1125, 97),
(2774, 1125, 92),
(2775, 1126, 95),
(2776, 1126, 105),
(2777, 1126, 89),
(2778, 1126, 109),
(2779, 1127, 97),
(2780, 1127, 92),
(2781, 1127, 107),
(2782, 1127, 89),
(2783, 1127, 93),
(2784, 1128, 109),
(2785, 1128, 91),
(2786, 1128, 90),
(2787, 1128, 109),
(2788, 1128, 108),
(2789, 1128, 93),
(2790, 1128, 103),
(2791, 1129, 100),
(2792, 1129, 89),
(2793, 1129, 95),
(2794, 1129, 99),
(2795, 1129, 90),
(2796, 1130, 94),
(2797, 1130, 109),
(2798, 1131, 90),
(2799, 1131, 101),
(2800, 1131, 101),
(2801, 1132, 94),
(2802, 1132, 98),
(2803, 1132, 107),
(2804, 1132, 101),
(2805, 1132, 98),
(2806, 1132, 109),
(2807, 1133, 108),
(2808, 1133, 94),
(2809, 1133, 93),
(2810, 1133, 99),
(2811, 1134, 106),
(2812, 1134, 92),
(2813, 1135, 108),
(2814, 1135, 95),
(2815, 1135, 94),
(2816, 1135, 98),
(2817, 1136, 92),
(2818, 1136, 93),
(2819, 1136, 96),
(2820, 1136, 100),
(2821, 1136, 95),
(2822, 1136, 97),
(2823, 1137, 102),
(2824, 1137, 97),
(2825, 1137, 99),
(2826, 1137, 91),
(2827, 1137, 109),
(2828, 1137, 91),
(2829, 1138, 90),
(2830, 1138, 98),
(2831, 1138, 95),
(2832, 1139, 98),
(2833, 1139, 91),
(2834, 1139, 94),
(2835, 1140, 104),
(2836, 1140, 97),
(2837, 1140, 96),
(2838, 1141, 94),
(2839, 1142, 94),
(2840, 1142, 101),
(2841, 1142, 90),
(2842, 1142, 106),
(2843, 1142, 90),
(2844, 1142, 104),
(2845, 1143, 101),
(2846, 1143, 105),
(2847, 1144, 90),
(2848, 1144, 94),
(2849, 1144, 96),
(2850, 1144, 109),
(2851, 1144, 100),
(2852, 1144, 92),
(2853, 1145, 99),
(2854, 1145, 104),
(2855, 1145, 98),
(2856, 1146, 95),
(2857, 1146, 89),
(2858, 1146, 98),
(2859, 1147, 92),
(2860, 1147, 104),
(2861, 1147, 102),
(2862, 1147, 89),
(2863, 1147, 109),
(2864, 1148, 95),
(2865, 1148, 101),
(2866, 1148, 96),
(2867, 1148, 99),
(2868, 1148, 93),
(2869, 1148, 89),
(2870, 1149, 92),
(2871, 1149, 89),
(2872, 1149, 105),
(2873, 1149, 106),
(2874, 1149, 94),
(2875, 1150, 95),
(2876, 1151, 92),
(2877, 1151, 108),
(2878, 1151, 103),
(2879, 1152, 94),
(2880, 1153, 101),
(2881, 1153, 99),
(2882, 1154, 91),
(2883, 1154, 97),
(2884, 1154, 91),
(2885, 1154, 96),
(2886, 1155, 102),
(2887, 1155, 98),
(2888, 1155, 107),
(2889, 1155, 90),
(2890, 1156, 98),
(2891, 1156, 101),
(2892, 1156, 109),
(2893, 1156, 91),
(2894, 1156, 102),
(2895, 1156, 97),
(2896, 1156, 92),
(2897, 1157, 108),
(2898, 1157, 98),
(2899, 1157, 105),
(2900, 1158, 98),
(2901, 1158, 91),
(2902, 1158, 102),
(2903, 1158, 104),
(2904, 1159, 103),
(2905, 1159, 104),
(2906, 1159, 101),
(2907, 1160, 102),
(2908, 1160, 102),
(2909, 1160, 94),
(2910, 1161, 100),
(2911, 1161, 97),
(2912, 1161, 94),
(2913, 1161, 101),
(2914, 1161, 104),
(2915, 1162, 109),
(2916, 1162, 99),
(2917, 1162, 91),
(2918, 1163, 91),
(2919, 1163, 105),
(2920, 1164, 103),
(2921, 1164, 103),
(2922, 1165, 95),
(2923, 1165, 102),
(2924, 1165, 94),
(2925, 1165, 107),
(2926, 1165, 108),
(2927, 1165, 96),
(2928, 1166, 93),
(2929, 1166, 99),
(2930, 1166, 91),
(2931, 1167, 95),
(2932, 1167, 97),
(2933, 1167, 99),
(2934, 1167, 102),
(2935, 1167, 100),
(2936, 1167, 101),
(2937, 1168, 97),
(2938, 1168, 96),
(2939, 1168, 91),
(2940, 1168, 93),
(2941, 1168, 89),
(2942, 1169, 108),
(2943, 1169, 100),
(2944, 1169, 89),
(2945, 1169, 92),
(2946, 1170, 94),
(2947, 1170, 100),
(2948, 1171, 108),
(2949, 1172, 96),
(2950, 1172, 90),
(2951, 1172, 95),
(2952, 1172, 91),
(2953, 1172, 98),
(2954, 1172, 103),
(2955, 1172, 100),
(2956, 1173, 105),
(2957, 1173, 90),
(2958, 1173, 97),
(2959, 1173, 108),
(2960, 1173, 105),
(2961, 1174, 108),
(2962, 1174, 91),
(2963, 1174, 89),
(2964, 1174, 91),
(2965, 1174, 108),
(2966, 1174, 89),
(2967, 1175, 99),
(2968, 1175, 95),
(2969, 1175, 97),
(2970, 1175, 107),
(2971, 1175, 100),
(2972, 1175, 98),
(2973, 1175, 91),
(2974, 1175, 109),
(2975, 1176, 90),
(2976, 1176, 108),
(2977, 1177, 94),
(2978, 1178, 94),
(2979, 1178, 97),
(2980, 1179, 107),
(2981, 1179, 99),
(2982, 1179, 93),
(2983, 1179, 109),
(2984, 1180, 89),
(2985, 1180, 91),
(2986, 1180, 107),
(2987, 1180, 95),
(2988, 1180, 99),
(2989, 1180, 99),
(2990, 1181, 99),
(2991, 1181, 99),
(2992, 1181, 108),
(2993, 1181, 91),
(2994, 1181, 100),
(2995, 1182, 108),
(2996, 1182, 101),
(2997, 1183, 99),
(2998, 1183, 95),
(2999, 1183, 108),
(3000, 1184, 98),
(3001, 1184, 93),
(3002, 1184, 102),
(3003, 1185, 98),
(3004, 1186, 105),
(3005, 1186, 94),
(3006, 1186, 94),
(3007, 1186, 109),
(3008, 1186, 109),
(3009, 1186, 109),
(3010, 1187, 97),
(3011, 1187, 89),
(3012, 1187, 107),
(3013, 1188, 100),
(3014, 1188, 103),
(3015, 1188, 101),
(3016, 1189, 89),
(3017, 1190, 89),
(3018, 1191, 89);

-- --------------------------------------------------------

--
-- Structure de la table `migration_versions`
--

DROP TABLE IF EXISTS `migration_versions`;
CREATE TABLE IF NOT EXISTS `migration_versions` (
  `version` varchar(14) COLLATE utf8mb4_unicode_ci NOT NULL,
  `executed_at` datetime NOT NULL COMMENT '(DC2Type:datetime_immutable)',
  PRIMARY KEY (`version`)
) ENGINE=InnoDB DEFAULT CHARSET=utf8mb4 COLLATE=utf8mb4_unicode_ci;

--
-- Déchargement des données de la table `migration_versions`
--

INSERT INTO `migration_versions` (`version`, `executed_at`) VALUES
('20190418103111', '2019-04-18 10:31:25'),
('20190501123238', '2019-05-01 12:32:51'),
('20190506181321', '2019-05-06 18:13:34'),
('20190506193344', '2019-05-06 19:33:53'),
('20190506203551', '2019-05-06 20:36:06');

-- --------------------------------------------------------

--
-- Structure de la table `question`
--

DROP TABLE IF EXISTS `question`;
CREATE TABLE IF NOT EXISTS `question` (
  `id` int(11) NOT NULL AUTO_INCREMENT,
  `category_id` int(11) NOT NULL,
  `user_id` int(11) NOT NULL,
  `content` varchar(255) COLLATE utf8mb4_unicode_ci NOT NULL,
  `created_at` datetime NOT NULL,
  PRIMARY KEY (`id`),
  KEY `IDX_B6F7494E12469DE2` (`category_id`),
  KEY `IDX_B6F7494EA76ED395` (`user_id`)
) ENGINE=InnoDB AUTO_INCREMENT=181 DEFAULT CHARSET=utf8mb4 COLLATE=utf8mb4_unicode_ci;

--
-- Déchargement des données de la table `question`
--

INSERT INTO `question` (`id`, `category_id`, `user_id`, `content`, `created_at`) VALUES
(149, 27, 101, 'Vel est minima.', '2019-05-05 08:40:18'),
(150, 27, 97, 'Commodi perspiciatis debitis.', '2019-04-29 20:33:39'),
(151, 27, 108, 'Neque accusantium.', '2019-04-27 11:25:35'),
(152, 27, 90, 'Enim fugit.', '2019-03-08 01:58:06'),
(153, 27, 92, 'Totam rem omnis.', '2019-04-05 13:42:22'),
(154, 27, 106, 'Quisquam fugiat.', '2019-03-13 08:36:28'),
(155, 27, 105, 'Optio omnis sed.', '2019-04-08 00:16:54'),
(156, 27, 106, 'Distinctio dicta aut.', '2019-05-06 13:56:57'),
(157, 27, 90, 'Magni libero magnam.', '2019-04-28 07:46:50'),
(158, 28, 96, 'Nostrum officiis et.', '2019-04-30 15:24:21'),
(159, 28, 101, 'Nihil aut laborum.', '2019-03-29 13:01:37'),
(160, 28, 90, 'Cum aliquam.', '2019-04-13 02:25:25'),
(161, 28, 96, 'Perspiciatis vel.', '2019-04-04 05:19:42'),
(162, 28, 106, 'Aliquam blanditiis molestiae.', '2019-04-20 12:26:41'),
(163, 28, 101, 'Sunt quia.', '2019-03-17 12:09:29'),
(164, 28, 98, 'Quam eos.', '2019-03-19 22:45:27'),
(165, 28, 108, 'Facilis velit necessitatibus.', '2019-04-14 18:42:45'),
(166, 28, 90, 'Et recusandae praesentium.', '2019-04-04 13:57:53'),
(167, 29, 90, 'Distinctio ut.', '2019-04-24 12:59:05'),
(168, 29, 93, 'Magni esse a.', '2019-04-05 18:18:34'),
(169, 29, 103, 'Veniam autem et.', '2019-03-16 16:56:57'),
(170, 29, 98, 'Id sed vel.', '2019-04-07 03:57:43'),
(171, 29, 107, 'Rerum qui optio.', '2019-03-27 14:40:49'),
(172, 29, 108, 'Eos id.', '2019-03-20 23:56:38'),
(173, 29, 102, 'Assumenda facere.', '2019-05-06 17:01:18'),
(174, 29, 91, 'Rerum est.', '2019-05-03 01:39:16'),
(175, 29, 105, 'Libero atque quaerat.', '2019-03-30 09:31:45'),
(176, 29, 107, 'Nemo eum autem.', '2019-04-10 17:39:10'),
(177, 27, 89, 'Coucou', '2019-05-06 22:43:14'),
(178, 27, 89, 'hhhhh', '2019-05-06 23:11:44'),
(179, 29, 89, 'Ceci est une question dans la catégorie JS', '2019-05-07 15:43:46'),
(180, 27, 89, 'hello my name is Yan', '2019-05-07 16:51:11');

-- --------------------------------------------------------

--
-- Structure de la table `question_like`
--

DROP TABLE IF EXISTS `question_like`;
CREATE TABLE IF NOT EXISTS `question_like` (
  `id` int(11) NOT NULL AUTO_INCREMENT,
  `question_id` int(11) DEFAULT NULL,
  `user_id` int(11) DEFAULT NULL,
  PRIMARY KEY (`id`),
  KEY `IDX_F28DAD5C1E27F6BF` (`question_id`),
  KEY `IDX_F28DAD5CA76ED395` (`user_id`)
) ENGINE=InnoDB AUTO_INCREMENT=542 DEFAULT CHARSET=utf8mb4 COLLATE=utf8mb4_unicode_ci;

--
-- Déchargement des données de la table `question_like`
--

INSERT INTO `question_like` (`id`, `question_id`, `user_id`) VALUES
(446, 149, 93),
(447, 149, 108),
(448, 149, 100),
(449, 150, 101),
(450, 150, 99),
(451, 150, 101),
(452, 151, 95),
(453, 152, 94),
(454, 152, 97),
(455, 152, 103),
(456, 153, 96),
(457, 154, 107),
(458, 154, 90),
(459, 154, 108),
(460, 155, 101),
(461, 155, 99),
(462, 156, 97),
(463, 156, 102),
(464, 156, 92),
(465, 156, 103),
(466, 156, 91),
(467, 156, 91),
(468, 157, 98),
(469, 157, 109),
(470, 157, 93),
(471, 157, 97),
(472, 158, 100),
(473, 158, 98),
(474, 158, 101),
(475, 159, 100),
(476, 159, 89),
(477, 159, 95),
(478, 160, 98),
(479, 160, 97),
(480, 160, 104),
(481, 161, 109),
(482, 161, 102),
(483, 161, 106),
(484, 161, 103),
(485, 162, 96),
(486, 162, 108),
(487, 162, 91),
(488, 162, 106),
(489, 163, 93),
(490, 163, 93),
(491, 163, 105),
(492, 163, 93),
(493, 163, 109),
(494, 164, 95),
(495, 164, 92),
(496, 164, 90),
(497, 164, 102),
(498, 164, 91),
(499, 165, 96),
(500, 165, 95),
(501, 165, 102),
(502, 165, 109),
(503, 166, 104),
(504, 166, 90),
(505, 166, 93),
(506, 166, 104),
(507, 167, 102),
(508, 167, 106),
(509, 167, 100),
(510, 167, 104),
(511, 167, 92),
(512, 167, 89),
(513, 168, 105),
(514, 168, 96),
(515, 168, 89),
(516, 169, 94),
(517, 169, 103),
(518, 169, 105),
(519, 169, 99),
(520, 169, 102),
(521, 170, 89),
(522, 170, 100),
(523, 171, 92),
(524, 172, 106),
(525, 173, 99),
(526, 173, 99),
(527, 173, 99),
(528, 173, 106),
(529, 174, 91),
(530, 174, 93),
(531, 174, 99),
(532, 175, 102),
(533, 175, 100),
(534, 175, 93),
(535, 175, 100),
(536, 175, 104),
(537, 175, 104),
(538, 176, 101),
(539, 149, 89),
(540, 150, 89),
(541, 156, 89);

-- --------------------------------------------------------

--
-- Structure de la table `user`
--

DROP TABLE IF EXISTS `user`;
CREATE TABLE IF NOT EXISTS `user` (
  `id` int(11) NOT NULL AUTO_INCREMENT,
  `email` varchar(180) COLLATE utf8mb4_unicode_ci NOT NULL,
  `roles` json NOT NULL,
  `password` varchar(255) COLLATE utf8mb4_unicode_ci NOT NULL,
  `username` varchar(50) COLLATE utf8mb4_unicode_ci NOT NULL,
  `date_creation` datetime NOT NULL,
  PRIMARY KEY (`id`),
  UNIQUE KEY `UNIQ_8D93D649E7927C74` (`email`)
) ENGINE=InnoDB AUTO_INCREMENT=110 DEFAULT CHARSET=utf8mb4 COLLATE=utf8mb4_unicode_ci;

--
-- Déchargement des données de la table `user`
--

INSERT INTO `user` (`id`, `email`, `roles`, `password`, `username`, `date_creation`) VALUES
(89, 'test@symfony.com', '[\"ROLE_ADMIN\"]', '$argon2i$v=19$m=1024,t=2,p=2$N2xYQUYya3NmbjhjQk1SZg$C1MVx/Ybquef4/1Kt3cHEGrjaj8ezEhDU6tXU9lVX2E', 'Yan', '2019-05-06 22:41:03'),
(90, 'constance.gregoire@allain.org', '[\"ROLE_USER\"]', '$argon2i$v=19$m=1024,t=2,p=2$NFk3VnBYalpmUVRScGloMA$wRv1Q3pqgMGaGPu45ziCaFUrvbc6HL5WFiXW16aUjYQ', 'Georges-Michel Martin', '2019-05-06 22:41:03'),
(91, 'roger.bernadette@sfr.fr', '[\"ROLE_USER\"]', '$argon2i$v=19$m=1024,t=2,p=2$aWNmdTZRRzA1RnZXbFpIRw$Js+XT8BFwzWxIzYPOQEKkaYEOP0hDXdNxfFicfbHseE', 'Emmanuel Roy', '2019-05-06 22:41:03'),
(92, 'kbernier@voila.fr', '[\"ROLE_USER\"]', '$argon2i$v=19$m=1024,t=2,p=2$b0p0R0gxM2dzeDVNMWYzQw$doBUI9B482nyyL8TIuBuWMN5F66QtrICoDmF4P07HsY', 'Hugues-Éric Leclerc', '2019-05-06 22:41:03'),
(93, 'joseph.munoz@tiscali.fr', '[\"ROLE_USER\"]', '$argon2i$v=19$m=1024,t=2,p=2$RTJFWnI5Z1dqc2dDZzRhMg$g6DDvlfPLw/AqYTC1v8zm449EIJiWkdeDKpbXg6B/MA', 'Luc de la Descamps', '2019-05-06 22:41:03'),
(94, 'meyer.victoire@tiscali.fr', '[\"ROLE_USER\"]', '$argon2i$v=19$m=1024,t=2,p=2$N2dlMjlaWTYucmxpZmVGaQ$ryGyyFpLAshoAQEWLw7B32TONtz0ixseTFw7MLoQQcM', 'Julie-Alex Mahe', '2019-05-06 22:41:03'),
(95, 'mfernandez@tele2.fr', '[\"ROLE_USER\"]', '$argon2i$v=19$m=1024,t=2,p=2$LnhOS3hwRFJvVHA0UjVabw$t+O8xS4f1/Zh31pAybKqrPYB9hfU8siQhZlrZFbgKxs', 'Auguste Richard-Marechal', '2019-05-06 22:41:03'),
(96, 'becker.martin@lejeune.com', '[\"ROLE_USER\"]', '$argon2i$v=19$m=1024,t=2,p=2$cS5Ja0ZiR3o5aXRFeWt0ag$Km8DSPK0a+cLk4jAwtgLfhARdAtACZ6w46rYkyRe1Eg', 'Tristan Pereira', '2019-05-06 22:41:03'),
(97, 'alexandrie02@allain.fr', '[\"ROLE_USER\"]', '$argon2i$v=19$m=1024,t=2,p=2$NkRvNVQzWTVWTHJkbTNZVw$j1CA9soAGOygRiY//Eboqc5U1ennv0071ngfeEP83KE', 'Henri Hubert', '2019-05-06 22:41:03'),
(98, 'luc22@pineau.org', '[\"ROLE_USER\"]', '$argon2i$v=19$m=1024,t=2,p=2$cFF5dGRXQVBSSndTL0hHdQ$dTWKwOB8Q8Z0NYDL3OLAPpEobUjNeraH4gWK0XaFkig', 'François Weiss-Turpin', '2019-05-06 22:41:03'),
(99, 'maurice07@allard.org', '[\"ROLE_USER\"]', '$argon2i$v=19$m=1024,t=2,p=2$U3k2R3B5NElZM3BNc3hQTw$cZQBGkp1ALmS+zn+ZQW8dIPwcIK4oTfqoHQdzNCiwYk', 'Étienne Briand', '2019-05-06 22:41:03'),
(100, 'rpeltier@voila.fr', '[\"ROLE_USER\"]', '$argon2i$v=19$m=1024,t=2,p=2$TFd2eWFaTDNYeE9IRDQyMQ$CbtvvZYGQ74Hzq8i3SheUj9/UjXFk4yQpHJV9xla16w', 'Aurore Mathieu', '2019-05-06 22:41:03'),
(101, 'legendre.audrey@laroche.com', '[\"ROLE_USER\"]', '$argon2i$v=19$m=1024,t=2,p=2$Q28zclZ4MnVpNnhoRTB1YQ$gINFLESZVPLurUm6gUBywts6ut50i9MTufWXG9Mo1og', 'Lucas Lemaitre', '2019-05-06 22:41:03'),
(102, 'oblondel@laposte.net', '[\"ROLE_USER\"]', '$argon2i$v=19$m=1024,t=2,p=2$WGhVL3BUa0ZqMENMRFFvUQ$Bs7o8I7Qz+puRbZ6o1tkoI/kF4ECFwGREKAnBaMHzeY', 'Gabriel de la Monnier', '2019-05-06 22:41:03'),
(103, 'zolivier@weber.com', '[\"ROLE_USER\"]', '$argon2i$v=19$m=1024,t=2,p=2$TEF0M3g4RVJUSmJJM0dNNw$YwNbCkVXBRYznDuUnJOM4PVrH6sun0qLE9OdK5fg+Ug', 'Nicole Paul', '2019-05-06 22:41:03'),
(104, 'qroussel@lombard.com', '[\"ROLE_USER\"]', '$argon2i$v=19$m=1024,t=2,p=2$WXJ5WDJ1ZWFQdkFYVUdHZA$C7WjyCqYKnhHCFMjrXD5tUcFRTpeM8sie9IgadksasA', 'Franck du Marchal', '2019-05-06 22:41:03'),
(105, 'pvasseur@boulanger.com', '[\"ROLE_USER\"]', '$argon2i$v=19$m=1024,t=2,p=2$d1N1UUptL2FiWDJPNkdzVw$DgH498bv+OaC3XQtxBnIEyxsAGyOoDsuSK9NrrST6qY', 'Michèle Lacroix-Leclercq', '2019-05-06 22:41:03'),
(106, 'courtois.anais@weiss.org', '[\"ROLE_USER\"]', '$argon2i$v=19$m=1024,t=2,p=2$WDVsQW1QUFl5aVpKdWNuWQ$SpHVwlami8QOp9sDxIW6Jpy0tkzSd9FbJMrwR51zWHI', 'Henri du Gay', '2019-05-06 22:41:03'),
(107, 'susan.raymond@guillaume.fr', '[\"ROLE_USER\"]', '$argon2i$v=19$m=1024,t=2,p=2$eGhZM0pWazFWNlNyL1gyeA$ZY+llQT0WKTiYoCyoWJYtDvSUMbAHwh/p+81g4/UYo4', 'Tristan-Thibault Clement', '2019-05-06 22:41:03'),
(108, 'charpentier.franck@marechal.com', '[\"ROLE_USER\"]', '$argon2i$v=19$m=1024,t=2,p=2$VGIvRjA4bnlMNXlpSGFzNQ$vfpB202G22P+imp82w6S5pEoXby1/Mvgb7AkmBVsnrM', 'Marcelle Barthelemy', '2019-05-06 22:41:03'),
(109, 'lucy79@tessier.com', '[\"ROLE_USER\"]', '$argon2i$v=19$m=1024,t=2,p=2$bm81S3ExRThHUGEuMVJ1eA$woyF1Vk8Ulsz19N2t7RJ9DY9Oxh9FrMY6pKpTsGLfho', 'Claire Hamel', '2019-05-06 22:41:03');

--
-- Contraintes pour les tables déchargées
--

--
-- Contraintes pour la table `comment`
--
ALTER TABLE `comment`
  ADD CONSTRAINT `FK_9474526C1E27F6BF` FOREIGN KEY (`question_id`) REFERENCES `question` (`id`),
  ADD CONSTRAINT `FK_9474526CA76ED395` FOREIGN KEY (`user_id`) REFERENCES `user` (`id`);

--
-- Contraintes pour la table `comment_like`
--
ALTER TABLE `comment_like`
  ADD CONSTRAINT `FK_8A55E25FA76ED395` FOREIGN KEY (`user_id`) REFERENCES `user` (`id`),
  ADD CONSTRAINT `FK_8A55E25FF8697D13` FOREIGN KEY (`comment_id`) REFERENCES `comment` (`id`);

--
-- Contraintes pour la table `question`
--
ALTER TABLE `question`
  ADD CONSTRAINT `FK_B6F7494E12469DE2` FOREIGN KEY (`category_id`) REFERENCES `category` (`id`),
  ADD CONSTRAINT `FK_B6F7494EA76ED395` FOREIGN KEY (`user_id`) REFERENCES `user` (`id`);

--
-- Contraintes pour la table `question_like`
--
ALTER TABLE `question_like`
  ADD CONSTRAINT `FK_F28DAD5C1E27F6BF` FOREIGN KEY (`question_id`) REFERENCES `question` (`id`),
  ADD CONSTRAINT `FK_F28DAD5CA76ED395` FOREIGN KEY (`user_id`) REFERENCES `user` (`id`);
COMMIT;

/*!40101 SET CHARACTER_SET_CLIENT=@OLD_CHARACTER_SET_CLIENT */;
/*!40101 SET CHARACTER_SET_RESULTS=@OLD_CHARACTER_SET_RESULTS */;
/*!40101 SET COLLATION_CONNECTION=@OLD_COLLATION_CONNECTION */;
